id,season,city,date,match_type,player_of_match,venue,team1,team2,toss_winner,toss_decision,winner,result,result_margin,target_runs,target_overs,super_over,method,umpire1,umpire2
1216492,2020,Abu Dhabi,19-09-2020,League,AT Rayudu,Sheikh Zayed Stadium,Mumbai Indians,Chennai Super Kings,Chennai Super Kings,field,Chennai Super Kings,wickets,5,163,20,N,,CB Gaffaney,VK Sharma
1216493,2020,Dubai,20-09-2020,League,MP Stoinis,Dubai International Cricket Stadium,Delhi Capitals,Kings XI Punjab,Kings XI Punjab,field,Delhi Capitals,tie,,158,20,Y,,AK Chaudhary,Nitin Menon
1216534,2020,Dubai,21-09-2020,League,YS Chahal,Dubai International Cricket Stadium,Royal Challengers Bangalore,Sunrisers Hyderabad,Sunrisers Hyderabad,field,Royal Challengers Bangalore,runs,10,164,20,N,,AY Dandekar,Nitin Menon
1216496,2020,Sharjah,22-09-2020,League,SV Samson,Sharjah Cricket Stadium,Rajasthan Royals,Chennai Super Kings,Chennai Super Kings,field,Rajasthan Royals,runs,16,217,20,N,,C Shamshuddin,VA Kulkarni
1216508,2020,Abu Dhabi,23-09-2020,League,RG Sharma,Sheikh Zayed Stadium,Mumbai Indians,Kolkata Knight Riders,Kolkata Knight Riders,field,Mumbai Indians,runs,49,196,20,N,,CB Gaffaney,S Ravi
1216510,2020,Dubai,24-09-2020,League,KL Rahul,Dubai International Cricket Stadium,Kings XI Punjab,Royal Challengers Bangalore,Royal Challengers Bangalore,field,Kings XI Punjab,runs,97,207,20,N,,AK Chaudhary,PR Reiffel
1216539,2020,Dubai,25-09-2020,League,PP Shaw,Dubai International Cricket Stadium,Delhi Capitals,Chennai Super Kings,Chennai Super Kings,field,Delhi Capitals,runs,44,176,20,N,,KN Ananthapadmanabhan,RK Illingworth
1216545,2020,Abu Dhabi,26-09-2020,League,Shubman Gill,Sheikh Zayed Stadium,Sunrisers Hyderabad,Kolkata Knight Riders,Sunrisers Hyderabad,bat,Kolkata Knight Riders,wickets,7,143,20,N,,CB Gaffaney,VK Sharma
1216527,2020,Sharjah,27-09-2020,League,SV Samson,Sharjah Cricket Stadium,Kings XI Punjab,Rajasthan Royals,Rajasthan Royals,field,Rajasthan Royals,wickets,4,224,20,N,,RK Illingworth,K Srinivasan
1216547,2020,Dubai,28-09-2020,League,AB de Villiers,Dubai International Cricket Stadium,Royal Challengers Bangalore,Mumbai Indians,Mumbai Indians,field,Royal Challengers Bangalore,tie,,202,20,Y,,Nitin Menon,PR Reiffel
1216532,2020,Abu Dhabi,29-09-2020,League,Rashid Khan,Sheikh Zayed Stadium,Sunrisers Hyderabad,Delhi Capitals,Delhi Capitals,field,Sunrisers Hyderabad,runs,15,163,20,N,,VK Sharma,S Ravi
1216504,2020,Dubai,30-09-2020,League,Shivam Mavi,Dubai International Cricket Stadium,Kolkata Knight Riders,Rajasthan Royals,Rajasthan Royals,field,Kolkata Knight Riders,runs,37,175,20,N,,KN Ananthapadmanabhan,C Shamshuddin
1216503,2020,Abu Dhabi,01-10-2020,League,KA Pollard,Sheikh Zayed Stadium,Mumbai Indians,Kings XI Punjab,Kings XI Punjab,field,Mumbai Indians,runs,48,192,20,N,,VK Sharma,S Ravi
1216516,2020,Dubai,02-10-2020,League,PK Garg,Dubai International Cricket Stadium,Sunrisers Hyderabad,Chennai Super Kings,Sunrisers Hyderabad,bat,Sunrisers Hyderabad,runs,7,165,20,N,,AK Chaudhary,PR Reiffel
1216514,2020,Abu Dhabi,03-10-2020,League,YS Chahal,Sheikh Zayed Stadium,Rajasthan Royals,Royal Challengers Bangalore,Rajasthan Royals,bat,Royal Challengers Bangalore,wickets,8,155,20,N,,CB Gaffaney,S Ravi
1216515,2020,Sharjah,03-10-2020,League,SS Iyer,Sharjah Cricket Stadium,Delhi Capitals,Kolkata Knight Riders,Kolkata Knight Riders,field,Delhi Capitals,runs,18,229,20,N,,VA Kulkarni,RK Illingworth
1216513,2020,Dubai,04-10-2020,League,SR Watson,Dubai International Cricket Stadium,Kings XI Punjab,Chennai Super Kings,Kings XI Punjab,bat,Chennai Super Kings,wickets,10,179,20,N,,AY Dandekar,Nitin Menon
1216538,2020,Sharjah,04-10-2020,League,TA Boult,Sharjah Cricket Stadium,Mumbai Indians,Sunrisers Hyderabad,Mumbai Indians,bat,Mumbai Indians,runs,34,209,20,N,,KN Ananthapadmanabhan,RK Illingworth
1216519,2020,Dubai,05-10-2020,League,AR Patel,Dubai International Cricket Stadium,Delhi Capitals,Royal Challengers Bangalore,Royal Challengers Bangalore,field,Delhi Capitals,runs,59,197,20,N,,Nitin Menon,YC Barde
1216511,2020,Abu Dhabi,06-10-2020,League,SA Yadav,Sheikh Zayed Stadium,Mumbai Indians,Rajasthan Royals,Mumbai Indians,bat,Mumbai Indians,runs,57,194,20,N,,VK Sharma,S Ravi
1216501,2020,Abu Dhabi,07-10-2020,League,RA Tripathi,Sheikh Zayed Stadium,Kolkata Knight Riders,Chennai Super Kings,Kolkata Knight Riders,bat,Kolkata Knight Riders,runs,10,168,20,N,,KN Ananthapadmanabhan,RK Illingworth
1216542,2020,Dubai,08-10-2020,League,JM Bairstow,Dubai International Cricket Stadium,Sunrisers Hyderabad,Kings XI Punjab,Sunrisers Hyderabad,bat,Sunrisers Hyderabad,runs,69,202,20,N,,AK Chaudhary,Nitin Menon
1216500,2020,Sharjah,09-10-2020,League,R Ashwin,Sharjah Cricket Stadium,Delhi Capitals,Rajasthan Royals,Rajasthan Royals,field,Delhi Capitals,runs,46,185,20,N,,KN Ananthapadmanabhan,C Shamshuddin
1216523,2020,Abu Dhabi,10-10-2020,League,KD Karthik,Sheikh Zayed Stadium,Kolkata Knight Riders,Kings XI Punjab,Kolkata Knight Riders,bat,Kolkata Knight Riders,runs,2,165,20,N,,UV Gandhe,CB Gaffaney
1216525,2020,Dubai,10-10-2020,League,V Kohli,Dubai International Cricket Stadium,Royal Challengers Bangalore,Chennai Super Kings,Royal Challengers Bangalore,bat,Royal Challengers Bangalore,runs,37,170,20,N,,AK Chaudhary,PR Reiffel
1216507,2020,Dubai,11-10-2020,League,R Tewatia,Dubai International Cricket Stadium,Sunrisers Hyderabad,Rajasthan Royals,Sunrisers Hyderabad,bat,Rajasthan Royals,wickets,5,159,20,N,,YC Barde,PR Reiffel
1216529,2020,Abu Dhabi,11-10-2020,League,Q de Kock,Sheikh Zayed Stadium,Delhi Capitals,Mumbai Indians,Delhi Capitals,bat,Mumbai Indians,wickets,5,163,20,N,,CB Gaffaney,S Ravi
1216540,2020,Sharjah,12-10-2020,League,AB de Villiers,Sharjah Cricket Stadium,Royal Challengers Bangalore,Kolkata Knight Riders,Royal Challengers Bangalore,bat,Royal Challengers Bangalore,runs,82,195,20,N,,RK Illingworth,K Srinivasan
1216528,2020,Dubai,13-10-2020,League,RA Jadeja,Dubai International Cricket Stadium,Chennai Super Kings,Sunrisers Hyderabad,Chennai Super Kings,bat,Chennai Super Kings,runs,20,168,20,N,,AK Chaudhary,PR Reiffel
1216543,2020,Dubai,14-10-2020,League,A Nortje,Dubai International Cricket Stadium,Delhi Capitals,Rajasthan Royals,Delhi Capitals,bat,Delhi Capitals,runs,13,162,20,N,,AK Chaudhary,Nitin Menon
1216531,2020,Sharjah,15-10-2020,League,KL Rahul,Sharjah Cricket Stadium,Royal Challengers Bangalore,Kings XI Punjab,Royal Challengers Bangalore,bat,Kings XI Punjab,wickets,8,172,20,N,,KN Ananthapadmanabhan,C Shamshuddin
1216526,2020,Abu Dhabi,16-10-2020,League,Q de Kock,Sheikh Zayed Stadium,Kolkata Knight Riders,Mumbai Indians,Kolkata Knight Riders,bat,Mumbai Indians,wickets,8,149,20,N,,CB Gaffaney,VK Sharma
1216509,2020,Sharjah,17-10-2020,League,S Dhawan,Sharjah Cricket Stadium,Chennai Super Kings,Delhi Capitals,Chennai Super Kings,bat,Delhi Capitals,wickets,5,180,20,N,,KN Ananthapadmanabhan,RK Illingworth
1216522,2020,Dubai,17-10-2020,League,AB de Villiers,Dubai International Cricket Stadium,Rajasthan Royals,Royal Challengers Bangalore,Rajasthan Royals,bat,Royal Challengers Bangalore,wickets,7,178,20,N,,AK Chaudhary,Nitin Menon
1216512,2020,Abu Dhabi,18-10-2020,League,LH Ferguson,Sheikh Zayed Stadium,Kolkata Knight Riders,Sunrisers Hyderabad,Sunrisers Hyderabad,field,Kolkata Knight Riders,tie,,164,20,Y,,PG Pathak,S Ravi
1216517,2020,Dubai,18-10-2020,League,KL Rahul,Dubai International Cricket Stadium,Mumbai Indians,Kings XI Punjab,Mumbai Indians,bat,Kings XI Punjab,tie,,177,20,Y,,Nitin Menon,PR Reiffel
1216533,2020,Abu Dhabi,19-10-2020,League,JC Buttler,Sheikh Zayed Stadium,Chennai Super Kings,Rajasthan Royals,Chennai Super Kings,bat,Rajasthan Royals,wickets,7,126,20,N,,CB Gaffaney,VK Sharma
1216546,2020,Dubai,20-10-2020,League,S Dhawan,Dubai International Cricket Stadium,Delhi Capitals,Kings XI Punjab,Delhi Capitals,bat,Kings XI Punjab,wickets,5,165,20,N,,C Shamshuddin,RK Illingworth
1216494,2020,Abu Dhabi,21-10-2020,League,Mohammed Siraj,Sheikh Zayed Stadium,Kolkata Knight Riders,Royal Challengers Bangalore,Kolkata Knight Riders,bat,Royal Challengers Bangalore,wickets,8,85,20,N,,VK Sharma,S Ravi
1216518,2020,Dubai,22-10-2020,League,MK Pandey,Dubai International Cricket Stadium,Rajasthan Royals,Sunrisers Hyderabad,Sunrisers Hyderabad,field,Sunrisers Hyderabad,wickets,8,155,20,N,,Nitin Menon,PR Reiffel
1216521,2020,Sharjah,23-10-2020,League,TA Boult,Sharjah Cricket Stadium,Chennai Super Kings,Mumbai Indians,Mumbai Indians,field,Mumbai Indians,wickets,10,115,20,N,,C Shamshuddin,VA Kulkarni
1216497,2020,Abu Dhabi,24-10-2020,League,CV Varun,Sheikh Zayed Stadium,Kolkata Knight Riders,Delhi Capitals,Delhi Capitals,field,Kolkata Knight Riders,runs,59,195,20,N,,CB Gaffaney,PG Pathak
1216498,2020,Dubai,24-10-2020,League,CJ Jordan,Dubai International Cricket Stadium,Kings XI Punjab,Sunrisers Hyderabad,Sunrisers Hyderabad,field,Kings XI Punjab,runs,12,127,20,N,,AY Dandekar,PR Reiffel
1216541,2020,Abu Dhabi,25-10-2020,League,BA Stokes,Sheikh Zayed Stadium,Mumbai Indians,Rajasthan Royals,Mumbai Indians,bat,Rajasthan Royals,wickets,8,196,20,N,,UV Gandhe,VK Sharma
1216544,2020,Dubai,25-10-2020,League,RD Gaikwad,Dubai International Cricket Stadium,Royal Challengers Bangalore,Chennai Super Kings,Royal Challengers Bangalore,bat,Chennai Super Kings,wickets,8,146,20,N,,C Shamshuddin,RK Illingworth
1216520,2020,Sharjah,26-10-2020,League,CH Gayle,Sharjah Cricket Stadium,Kolkata Knight Riders,Kings XI Punjab,Kings XI Punjab,field,Kings XI Punjab,wickets,8,150,20,N,,KN Ananthapadmanabhan,RK Illingworth
1216524,2020,Dubai,27-10-2020,League,WP Saha,Dubai International Cricket Stadium,Sunrisers Hyderabad,Delhi Capitals,Delhi Capitals,field,Sunrisers Hyderabad,runs,88,220,20,N,,AK Chaudhary,Nitin Menon
1216499,2020,Abu Dhabi,28-10-2020,League,SA Yadav,Sheikh Zayed Stadium,Royal Challengers Bangalore,Mumbai Indians,Mumbai Indians,field,Mumbai Indians,wickets,5,165,20,N,,UV Gandhe,CB Gaffaney
1216536,2020,Dubai,29-10-2020,League,RD Gaikwad,Dubai International Cricket Stadium,Kolkata Knight Riders,Chennai Super Kings,Chennai Super Kings,field,Chennai Super Kings,wickets,6,173,20,N,,C Shamshuddin,RK Illingworth
1216537,2020,Abu Dhabi,30-10-2020,League,BA Stokes,Sheikh Zayed Stadium,Kings XI Punjab,Rajasthan Royals,Rajasthan Royals,field,Rajasthan Royals,wickets,7,186,20,N,,CB Gaffaney,S Ravi
1216502,2020,Sharjah,31-10-2020,League,Sandeep Sharma,Sharjah Cricket Stadium,Royal Challengers Bangalore,Sunrisers Hyderabad,Sunrisers Hyderabad,field,Sunrisers Hyderabad,wickets,5,121,20,N,,KN Ananthapadmanabhan,K Srinivasan
1216535,2020,Dubai,31-10-2020,League,Ishan Kishan,Dubai International Cricket Stadium,Delhi Capitals,Mumbai Indians,Mumbai Indians,field,Mumbai Indians,wickets,9,111,20,N,,YC Barde,PR Reiffel
1216506,2020,Abu Dhabi,01-11-2020,League,RD Gaikwad,Sheikh Zayed Stadium,Kings XI Punjab,Chennai Super Kings,Chennai Super Kings,field,Chennai Super Kings,wickets,9,154,20,N,,PG Pathak,VK Sharma
1216530,2020,Dubai,01-11-2020,League,PJ Cummins,Dubai International Cricket Stadium,Kolkata Knight Riders,Rajasthan Royals,Rajasthan Royals,field,Kolkata Knight Riders,runs,60,192,20,N,,Nitin Menon,PR Reiffel
1216505,2020,Abu Dhabi,02-11-2020,League,A Nortje,Sheikh Zayed Stadium,Royal Challengers Bangalore,Delhi Capitals,Delhi Capitals,field,Delhi Capitals,wickets,6,153,20,N,,CB Gaffaney,S Ravi
1216495,2020,Sharjah,03-11-2020,League,S Nadeem,Sharjah Cricket Stadium,Mumbai Indians,Sunrisers Hyderabad,Sunrisers Hyderabad,field,Sunrisers Hyderabad,wickets,10,150,20,N,,C Shamshuddin,RK Illingworth
1237177,2020,Dubai,05-11-2020,Qualifier 1,JJ Bumrah,Dubai International Cricket Stadium,Mumbai Indians,Delhi Capitals,Delhi Capitals,field,Mumbai Indians,runs,57,201,20,N,,CB Gaffaney,Nitin Menon
1237178,2020,Abu Dhabi,06-11-2020,Eliminator,KS Williamson,Sheikh Zayed Stadium,Royal Challengers Bangalore,Sunrisers Hyderabad,Sunrisers Hyderabad,field,Sunrisers Hyderabad,wickets,6,132,20,N,,PR Reiffel,S Ravi
1237180,2020,Abu Dhabi,08-11-2020,Qualifier 2,MP Stoinis,Sheikh Zayed Stadium,Delhi Capitals,Sunrisers Hyderabad,Delhi Capitals,bat,Delhi Capitals,runs,17,190,20,N,,PR Reiffel,S Ravi
1237181,2020,Dubai,10-11-2020,Final,TA Boult,Dubai International Cricket Stadium,Delhi Capitals,Mumbai Indians,Delhi Capitals,bat,Mumbai Indians,wickets,5,157,20,N,,CB Gaffaney,Nitin Menon
1254058,2021,Chennai,09-04-2021,League,HV Patel,"MA Chidambaram Stadium, Chepauk, Chennai",Mumbai Indians,Royal Challengers Bangalore,Royal Challengers Bangalore,field,Royal Challengers Bangalore,wickets,2,160,20,N,,KN Ananthapadmanabhan,Nitin Menon
1254059,2021,Mumbai,10-04-2021,League,S Dhawan,"Wankhede Stadium, Mumbai",Chennai Super Kings,Delhi Capitals,Delhi Capitals,field,Delhi Capitals,wickets,7,189,20,N,,AK Chaudhary,VK Sharma
1254060,2021,Chennai,11-04-2021,League,N Rana,"MA Chidambaram Stadium, Chepauk, Chennai",Kolkata Knight Riders,Sunrisers Hyderabad,Sunrisers Hyderabad,field,Kolkata Knight Riders,runs,10,188,20,N,,KN Ananthapadmanabhan,Nitin Menon
1254061,2021,Mumbai,12-04-2021,League,SV Samson,"Wankhede Stadium, Mumbai",Punjab Kings,Rajasthan Royals,Rajasthan Royals,field,Punjab Kings,runs,4,222,20,N,,AK Chaudhary,S Ravi
1254062,2021,Chennai,13-04-2021,League,RD Chahar,"MA Chidambaram Stadium, Chepauk, Chennai",Mumbai Indians,Kolkata Knight Riders,Kolkata Knight Riders,field,Mumbai Indians,runs,10,153,20,N,,C Shamshuddin,CB Gaffaney
1254063,2021,Chennai,14-04-2021,League,GJ Maxwell,"MA Chidambaram Stadium, Chepauk, Chennai",Royal Challengers Bangalore,Sunrisers Hyderabad,Sunrisers Hyderabad,field,Royal Challengers Bangalore,runs,6,150,20,N,,Nitin Menon,UV Gandhe
1254064,2021,Mumbai,15-04-2021,League,JD Unadkat,"Wankhede Stadium, Mumbai",Delhi Capitals,Rajasthan Royals,Rajasthan Royals,field,Rajasthan Royals,wickets,3,148,20,N,,S Ravi,VK Sharma
1254065,2021,Mumbai,16-04-2021,League,DL Chahar,"Wankhede Stadium, Mumbai",Punjab Kings,Chennai Super Kings,Chennai Super Kings,field,Chennai Super Kings,wickets,6,107,20,N,,AK Chaudhary,AY Dandekar
1254066,2021,Chennai,17-04-2021,League,KA Pollard,"MA Chidambaram Stadium, Chepauk, Chennai",Mumbai Indians,Sunrisers Hyderabad,Mumbai Indians,bat,Mumbai Indians,runs,13,151,20,N,,CB Gaffaney,K Srinivasan
1254067,2021,Chennai,18-04-2021,League,AB de Villiers,"MA Chidambaram Stadium, Chepauk, Chennai",Royal Challengers Bangalore,Kolkata Knight Riders,Royal Challengers Bangalore,bat,Royal Challengers Bangalore,runs,38,205,20,N,,C Shamshuddin,Nitin Menon
1254068,2021,Mumbai,18-04-2021,League,S Dhawan,"Wankhede Stadium, Mumbai",Punjab Kings,Delhi Capitals,Delhi Capitals,field,Delhi Capitals,wickets,6,196,20,N,,AK Chaudhary,PR Reiffel
1254069,2021,Mumbai,19-04-2021,League,MM Ali,"Wankhede Stadium, Mumbai",Chennai Super Kings,Rajasthan Royals,Rajasthan Royals,field,Chennai Super Kings,runs,45,189,20,N,,PR Reiffel,VK Sharma
1254070,2021,Chennai,20-04-2021,League,A Mishra,"MA Chidambaram Stadium, Chepauk, Chennai",Mumbai Indians,Delhi Capitals,Mumbai Indians,bat,Delhi Capitals,wickets,6,138,20,N,,C Shamshuddin,CB Gaffaney
1254071,2021,Chennai,21-04-2021,League,JM Bairstow,"MA Chidambaram Stadium, Chepauk, Chennai",Punjab Kings,Sunrisers Hyderabad,Punjab Kings,bat,Sunrisers Hyderabad,wickets,9,121,20,N,,K Srinivasan,Nitin Menon
1254072,2021,Mumbai,21-04-2021,League,F du Plessis,"Wankhede Stadium, Mumbai",Chennai Super Kings,Kolkata Knight Riders,Kolkata Knight Riders,field,Chennai Super Kings,runs,18,221,20,N,,AY Dandekar,PR Reiffel
1254073,2021,Mumbai,22-04-2021,League,D Padikkal,"Wankhede Stadium, Mumbai",Rajasthan Royals,Royal Challengers Bangalore,Royal Challengers Bangalore,field,Royal Challengers Bangalore,wickets,10,178,20,N,,J Madanagopal,S Ravi
1254074,2021,Chennai,23-04-2021,League,KL Rahul,"MA Chidambaram Stadium, Chepauk, Chennai",Mumbai Indians,Punjab Kings,Punjab Kings,field,Punjab Kings,wickets,9,132,20,N,,C Shamshuddin,Nitin Menon
1254075,2021,Mumbai,24-04-2021,League,CH Morris,"Wankhede Stadium, Mumbai",Kolkata Knight Riders,Rajasthan Royals,Rajasthan Royals,field,Rajasthan Royals,wickets,6,134,20,N,,Navdeep Singh,S Ravi
1254076,2021,Mumbai,25-04-2021,League,RA Jadeja,"Wankhede Stadium, Mumbai",Chennai Super Kings,Royal Challengers Bangalore,Chennai Super Kings,bat,Chennai Super Kings,runs,69,192,20,N,,AK Chaudhary,VK Sharma
1254077,2021,Chennai,25-04-2021,League,PP Shaw,"MA Chidambaram Stadium, Chepauk, Chennai",Delhi Capitals,Sunrisers Hyderabad,Delhi Capitals,bat,Delhi Capitals,tie,,160,20,Y,,CB Gaffaney,KN Ananthapadmanabhan
1254078,2021,Ahmedabad,26-04-2021,League,EJG Morgan,"Narendra Modi Stadium, Ahmedabad",Punjab Kings,Kolkata Knight Riders,Kolkata Knight Riders,field,Kolkata Knight Riders,wickets,5,124,20,N,,PR Reiffel,YC Barde
1254079,2021,Ahmedabad,27-04-2021,League,AB de Villiers,"Narendra Modi Stadium, Ahmedabad",Royal Challengers Bangalore,Delhi Capitals,Delhi Capitals,field,Royal Challengers Bangalore,runs,1,172,20,N,,S Ravi,VK Sharma
1254080,2021,Delhi,28-04-2021,League,RD Gaikwad,"Arun Jaitley Stadium, Delhi",Sunrisers Hyderabad,Chennai Super Kings,Sunrisers Hyderabad,bat,Chennai Super Kings,wickets,7,172,20,N,,C Shamshuddin,CK Nandan
1254081,2021,Delhi,29-04-2021,League,Q de Kock,"Arun Jaitley Stadium, Delhi",Rajasthan Royals,Mumbai Indians,Mumbai Indians,field,Mumbai Indians,wickets,7,172,20,N,,CB Gaffaney,KN Ananthapadmanabhan
1254082,2021,Ahmedabad,29-04-2021,League,PP Shaw,"Narendra Modi Stadium, Ahmedabad",Kolkata Knight Riders,Delhi Capitals,Delhi Capitals,field,Delhi Capitals,wickets,7,155,20,N,,AK Chaudhary,YC Barde
1254083,2021,Ahmedabad,30-04-2021,League,Harpreet Brar,"Narendra Modi Stadium, Ahmedabad",Punjab Kings,Royal Challengers Bangalore,Royal Challengers Bangalore,field,Punjab Kings,runs,34,180,20,N,,S Ravi,VK Sharma
1254084,2021,Delhi,01-05-2021,League,KA Pollard,"Arun Jaitley Stadium, Delhi",Chennai Super Kings,Mumbai Indians,Mumbai Indians,field,Mumbai Indians,wickets,4,219,20,N,,KN Ananthapadmanabhan,CK Nandan
1254085,2021,Delhi,02-05-2021,League,JC Buttler,"Arun Jaitley Stadium, Delhi",Rajasthan Royals,Sunrisers Hyderabad,Sunrisers Hyderabad,field,Rajasthan Royals,runs,55,221,20,N,,C Shamshuddin,CB Gaffaney
1254086,2021,Ahmedabad,02-05-2021,League,MA Agarwal,"Narendra Modi Stadium, Ahmedabad",Punjab Kings,Delhi Capitals,Delhi Capitals,field,Delhi Capitals,wickets,7,167,20,N,,AK Chaudhary,AY Dandekar
1254104,2021,Dubai,19-09-2021,League,RD Gaikwad,Dubai International Cricket Stadium,Chennai Super Kings,Mumbai Indians,Chennai Super Kings,bat,Chennai Super Kings,runs,20,157,20,N,,Nitin Menon,RK Illingworth
1254087,2021,Abu Dhabi,20-09-2021,League,CV Varun,"Zayed Cricket Stadium, Abu Dhabi",Royal Challengers Bangalore,Kolkata Knight Riders,Royal Challengers Bangalore,bat,Kolkata Knight Riders,wickets,9,93,20,N,,CB Gaffaney,S Ravi
1254111,2021,Dubai,21-09-2021,League,Kartik Tyagi,Dubai International Cricket Stadium,Rajasthan Royals,Punjab Kings,Punjab Kings,field,Rajasthan Royals,runs,2,186,20,N,,AK Chaudhary,MA Gough
1254105,2021,Dubai,22-09-2021,League,A Nortje,Dubai International Cricket Stadium,Sunrisers Hyderabad,Delhi Capitals,Sunrisers Hyderabad,bat,Delhi Capitals,wickets,8,135,20,N,,KN Ananthapadmanabhan,RK Illingworth
1254096,2021,Abu Dhabi,23-09-2021,League,SP Narine,"Zayed Cricket Stadium, Abu Dhabi",Mumbai Indians,Kolkata Knight Riders,Kolkata Knight Riders,field,Kolkata Knight Riders,wickets,7,156,20,N,,S Ravi,VK Sharma
1254113,2021,Sharjah,24-09-2021,League,DJ Bravo,Sharjah Cricket Stadium,Royal Challengers Bangalore,Chennai Super Kings,Chennai Super Kings,field,Chennai Super Kings,wickets,6,157,20,N,,AK Chaudhary,Nitin Menon
1254097,2021,Abu Dhabi,25-09-2021,League,SS Iyer,"Zayed Cricket Stadium, Abu Dhabi",Delhi Capitals,Rajasthan Royals,Rajasthan Royals,field,Delhi Capitals,runs,33,155,20,N,,CB Gaffaney,UV Gandhe
1254107,2021,Sharjah,25-09-2021,League,JO Holder,Sharjah Cricket Stadium,Punjab Kings,Sunrisers Hyderabad,Sunrisers Hyderabad,field,Punjab Kings,runs,5,126,20,N,,RK Illingworth,YC Barde
1254098,2021,Abu Dhabi,26-09-2021,League,RA Jadeja,"Zayed Cricket Stadium, Abu Dhabi",Kolkata Knight Riders,Chennai Super Kings,Kolkata Knight Riders,bat,Chennai Super Kings,wickets,2,172,20,N,,CB Gaffaney,Tapan Sharma
1254108,2021,Dubai,26-09-2021,League,GJ Maxwell,Dubai International Cricket Stadium,Royal Challengers Bangalore,Mumbai Indians,Mumbai Indians,field,Royal Challengers Bangalore,runs,54,166,20,N,,AK Chaudhary,MA Gough
1254100,2021,Dubai,27-09-2021,League,JJ Roy,Dubai International Cricket Stadium,Rajasthan Royals,Sunrisers Hyderabad,Rajasthan Royals,bat,Sunrisers Hyderabad,wickets,7,165,20,N,,KN Ananthapadmanabhan,Navdeep Singh
1254092,2021,Sharjah,28-09-2021,League,SP Narine,Sharjah Cricket Stadium,Delhi Capitals,Kolkata Knight Riders,Kolkata Knight Riders,field,Kolkata Knight Riders,wickets,3,128,20,N,,Nitin Menon,HAS Khalid
1254099,2021,Abu Dhabi,28-09-2021,League,KA Pollard,"Zayed Cricket Stadium, Abu Dhabi",Punjab Kings,Mumbai Indians,Mumbai Indians,field,Mumbai Indians,wickets,6,136,20,N,,S Ravi,VK Sharma
1254103,2021,Dubai,29-09-2021,League,YS Chahal,Dubai International Cricket Stadium,Rajasthan Royals,Royal Challengers Bangalore,Royal Challengers Bangalore,field,Royal Challengers Bangalore,wickets,7,150,20,N,,AY Dandekar,KN Ananthapadmanabhan
1254091,2021,Sharjah,30-09-2021,League,JR Hazlewood,Sharjah Cricket Stadium,Sunrisers Hyderabad,Chennai Super Kings,Chennai Super Kings,field,Chennai Super Kings,wickets,6,135,20,N,,Nitin Menon,YC Barde
1254102,2021,Dubai,01-10-2021,League,KL Rahul,Dubai International Cricket Stadium,Kolkata Knight Riders,Punjab Kings,Punjab Kings,field,Punjab Kings,wickets,5,166,20,N,,KN Ananthapadmanabhan,RK Illingworth
1254089,2021,Abu Dhabi,02-10-2021,League,RD Gaikwad,"Zayed Cricket Stadium, Abu Dhabi",Chennai Super Kings,Rajasthan Royals,Rajasthan Royals,field,Rajasthan Royals,wickets,7,190,20,N,,CB Gaffaney,VK Sharma
1254112,2021,Sharjah,02-10-2021,League,AR Patel,Sharjah Cricket Stadium,Mumbai Indians,Delhi Capitals,Delhi Capitals,field,Delhi Capitals,wickets,4,130,20,N,,AK Chaudhary,MA Gough
1254090,2021,Sharjah,03-10-2021,League,GJ Maxwell,Sharjah Cricket Stadium,Royal Challengers Bangalore,Punjab Kings,Royal Challengers Bangalore,bat,Royal Challengers Bangalore,runs,6,165,20,N,,KN Ananthapadmanabhan,RK Illingworth
1254109,2021,Dubai,03-10-2021,League,Shubman Gill,Dubai International Cricket Stadium,Sunrisers Hyderabad,Kolkata Knight Riders,Sunrisers Hyderabad,bat,Kolkata Knight Riders,wickets,6,116,20,N,,J Madanagopal,MA Gough
1254110,2021,Dubai,04-10-2021,League,AR Patel,Dubai International Cricket Stadium,Chennai Super Kings,Delhi Capitals,Delhi Capitals,field,Delhi Capitals,wickets,3,137,20,N,,AK Chaudhary,Nitin Menon
1254093,2021,Sharjah,05-10-2021,League,NM Coulter-Nile,Sharjah Cricket Stadium,Rajasthan Royals,Mumbai Indians,Mumbai Indians,field,Mumbai Indians,wickets,8,91,20,N,,AK Chaudhary,MA Gough
1254095,2021,Abu Dhabi,06-10-2021,League,KS Williamson,"Zayed Cricket Stadium, Abu Dhabi",Sunrisers Hyderabad,Royal Challengers Bangalore,Royal Challengers Bangalore,field,Sunrisers Hyderabad,runs,4,142,20,N,,S Ravi,UV Gandhe
1254094,2021,Dubai,07-10-2021,League,KL Rahul,Dubai International Cricket Stadium,Chennai Super Kings,Punjab Kings,Punjab Kings,field,Punjab Kings,wickets,6,135,20,N,,K Srinivasan,RK Illingworth
1254106,2021,Sharjah,07-10-2021,League,Shivam Mavi,Sharjah Cricket Stadium,Kolkata Knight Riders,Rajasthan Royals,Rajasthan Royals,field,Kolkata Knight Riders,runs,86,172,20,N,,MA Gough,HAS Khalid
1254088,2021,Abu Dhabi,08-10-2021,League,Ishan Kishan,"Zayed Cricket Stadium, Abu Dhabi",Mumbai Indians,Sunrisers Hyderabad,Mumbai Indians,bat,Mumbai Indians,runs,42,236,20,N,,Tapan Sharma,VK Sharma
1254101,2021,Dubai,08-10-2021,League,KS Bharat,Dubai International Cricket Stadium,Delhi Capitals,Royal Challengers Bangalore,Royal Challengers Bangalore,field,Royal Challengers Bangalore,wickets,7,165,20,N,,KN Ananthapadmanabhan,Nitin Menon
1254114,2021,Dubai,10-10-2021,Qualifier 1,RD Gaikwad,Dubai International Cricket Stadium,Delhi Capitals,Chennai Super Kings,Chennai Super Kings,field,Chennai Super Kings,wickets,4,173,20,N,,Nitin Menon,RK Illingworth
1254115,2021,Sharjah,11-10-2021,Eliminator,SP Narine,Sharjah Cricket Stadium,Royal Challengers Bangalore,Kolkata Knight Riders,Royal Challengers Bangalore,bat,Kolkata Knight Riders,wickets,4,139,20,N,,CB Gaffaney,VK Sharma
1254116,2021,Sharjah,13-10-2021,Qualifier 2,VR Iyer,Sharjah Cricket Stadium,Delhi Capitals,Kolkata Knight Riders,Kolkata Knight Riders,field,Kolkata Knight Riders,wickets,3,136,20,N,,KN Ananthapadmanabhan,MA Gough
1254117,2021,Dubai,15-10-2021,Final,F du Plessis,Dubai International Cricket Stadium,Chennai Super Kings,Kolkata Knight Riders,Kolkata Knight Riders,field,Chennai Super Kings,runs,27,193,20,N,,Nitin Menon,RK Illingworth
1304047,2022,Mumbai,26-03-2022,League,UT Yadav,"Wankhede Stadium, Mumbai",Chennai Super Kings,Kolkata Knight Riders,Kolkata Knight Riders,field,Kolkata Knight Riders,wickets,6,132,20,N,,AK Chaudhary,Nitin Menon
1304048,2022,Mumbai,27-03-2022,League,Kuldeep Yadav,"Brabourne Stadium, Mumbai",Mumbai Indians,Delhi Capitals,Delhi Capitals,field,Delhi Capitals,wickets,4,178,20,N,,RJ Tucker,HAS Khalid
1304049,2022,Mumbai,27-03-2022,League,OF Smith,"Dr DY Patil Sports Academy, Mumbai",Royal Challengers Bangalore,Punjab Kings,Punjab Kings,field,Punjab Kings,wickets,5,206,20,N,,Nitin Menon,YC Barde
1304050,2022,Mumbai,28-03-2022,League,Mohammed Shami,"Wankhede Stadium, Mumbai",Lucknow Super Giants,Gujarat Titans,Gujarat Titans,field,Gujarat Titans,wickets,5,159,20,N,,PG Pathak,VK Sharma
1304051,2022,Pune,29-03-2022,League,SV Samson,"Maharashtra Cricket Association Stadium, Pune",Rajasthan Royals,Sunrisers Hyderabad,Sunrisers Hyderabad,field,Rajasthan Royals,runs,61,211,20,N,,BNJ Oxenford,UV Gandhe
1304052,2022,Mumbai,30-03-2022,League,PWH de Silva,"Dr DY Patil Sports Academy, Mumbai",Kolkata Knight Riders,Royal Challengers Bangalore,Royal Challengers Bangalore,field,Royal Challengers Bangalore,wickets,3,129,20,N,,J Madanagopal,Navdeep Singh
1304053,2022,Mumbai,31-03-2022,League,E Lewis,"Brabourne Stadium, Mumbai",Chennai Super Kings,Lucknow Super Giants,Lucknow Super Giants,field,Lucknow Super Giants,wickets,6,211,20,N,,RJ Tucker,VK Sharma
1304054,2022,Mumbai,01-04-2022,League,UT Yadav,"Wankhede Stadium, Mumbai",Punjab Kings,Kolkata Knight Riders,Kolkata Knight Riders,field,Kolkata Knight Riders,wickets,6,138,20,N,,AK Chaudhary,HAS Khalid
1304055,2022,Mumbai,02-04-2022,League,JC Buttler,"Dr DY Patil Sports Academy, Mumbai",Rajasthan Royals,Mumbai Indians,Mumbai Indians,field,Rajasthan Royals,runs,23,194,20,N,,Nitin Menon,PG Pathak
1304056,2022,Pune,02-04-2022,League,LH Ferguson,"Maharashtra Cricket Association Stadium, Pune",Gujarat Titans,Delhi Capitals,Delhi Capitals,field,Gujarat Titans,runs,14,172,20,N,,KN Ananthapadmanabhan,UV Gandhe
1304057,2022,Mumbai,03-04-2022,League,LS Livingstone,"Brabourne Stadium, Mumbai",Punjab Kings,Chennai Super Kings,Chennai Super Kings,field,Punjab Kings,runs,54,181,20,N,,RJ Tucker,YC Barde
1304058,2022,Mumbai,04-04-2022,League,Avesh Khan,"Dr DY Patil Sports Academy, Mumbai",Lucknow Super Giants,Sunrisers Hyderabad,Sunrisers Hyderabad,field,Lucknow Super Giants,runs,12,170,20,N,,J Madanagopal,Navdeep Singh
1304059,2022,Mumbai,05-04-2022,League,KD Karthik,"Wankhede Stadium, Mumbai",Rajasthan Royals,Royal Challengers Bangalore,Royal Challengers Bangalore,field,Royal Challengers Bangalore,wickets,4,170,20,N,,AK Chaudhary,HAS Khalid
1304060,2022,Pune,06-04-2022,League,PJ Cummins,"Maharashtra Cricket Association Stadium, Pune",Mumbai Indians,Kolkata Knight Riders,Kolkata Knight Riders,field,Kolkata Knight Riders,wickets,5,162,20,N,,BNJ Oxenford,KN Ananthapadmanabhan
1304061,2022,Mumbai,07-04-2022,League,Q de Kock,"Dr DY Patil Sports Academy, Mumbai",Delhi Capitals,Lucknow Super Giants,Lucknow Super Giants,field,Lucknow Super Giants,wickets,6,150,20,N,,RJ Tucker,Tapan Sharma
1304062,2022,Mumbai,08-04-2022,League,Shubman Gill,"Brabourne Stadium, Mumbai",Punjab Kings,Gujarat Titans,Gujarat Titans,field,Gujarat Titans,wickets,6,190,20,N,,AK Chaudhary,VK Sharma
1304063,2022,Mumbai,09-04-2022,League,Abhishek Sharma,"Dr DY Patil Sports Academy, Mumbai",Chennai Super Kings,Sunrisers Hyderabad,Sunrisers Hyderabad,field,Sunrisers Hyderabad,wickets,8,155,20,N,,Navdeep Singh,Nitin Menon
1304064,2022,Pune,09-04-2022,League,Anuj Rawat,"Maharashtra Cricket Association Stadium, Pune",Mumbai Indians,Royal Challengers Bangalore,Royal Challengers Bangalore,field,Royal Challengers Bangalore,wickets,7,152,20,N,,BNJ Oxenford,KN Ananthapadmanabhan
1304065,2022,Mumbai,10-04-2022,League,Kuldeep Yadav,"Brabourne Stadium, Mumbai",Delhi Capitals,Kolkata Knight Riders,Kolkata Knight Riders,field,Delhi Capitals,runs,44,216,20,N,,CB Gaffaney,J Madanagopal
1304066,2022,Mumbai,10-04-2022,League,YS Chahal,"Wankhede Stadium, Mumbai",Rajasthan Royals,Lucknow Super Giants,Lucknow Super Giants,field,Rajasthan Royals,runs,3,166,20,N,,AK Chaudhary,Tapan Sharma
1304067,2022,Mumbai,11-04-2022,League,KS Williamson,"Dr DY Patil Sports Academy, Mumbai",Gujarat Titans,Sunrisers Hyderabad,Sunrisers Hyderabad,field,Sunrisers Hyderabad,wickets,8,163,20,N,,Chirra Ravikanthreddy,RJ Tucker
1304068,2022,Mumbai,12-04-2022,League,S Dube,"Dr DY Patil Sports Academy, Mumbai",Chennai Super Kings,Royal Challengers Bangalore,Royal Challengers Bangalore,field,Chennai Super Kings,runs,23,217,20,N,,Nitin Menon,N Pandit
1304069,2022,Pune,13-04-2022,League,MA Agarwal,"Maharashtra Cricket Association Stadium, Pune",Punjab Kings,Mumbai Indians,Mumbai Indians,field,Punjab Kings,runs,12,199,20,N,,BNJ Oxenford,UV Gandhe
1304070,2022,Mumbai,14-04-2022,League,HH Pandya,"Dr DY Patil Sports Academy, Mumbai",Gujarat Titans,Rajasthan Royals,Rajasthan Royals,field,Gujarat Titans,runs,37,193,20,N,,CB Gaffaney,R Pandit
1304071,2022,Mumbai,15-04-2022,League,RA Tripathi,"Brabourne Stadium, Mumbai",Kolkata Knight Riders,Sunrisers Hyderabad,Sunrisers Hyderabad,field,Sunrisers Hyderabad,wickets,7,176,20,N,,GR Sadashiv Iyer,VK Sharma
1304072,2022,Mumbai,16-04-2022,League,KL Rahul,"Brabourne Stadium, Mumbai",Lucknow Super Giants,Mumbai Indians,Mumbai Indians,field,Lucknow Super Giants,runs,18,200,20,N,,AK Chaudhary,NA Patwardhan
1304073,2022,Mumbai,16-04-2022,League,KD Karthik,"Wankhede Stadium, Mumbai",Royal Challengers Bangalore,Delhi Capitals,Delhi Capitals,field,Royal Challengers Bangalore,runs,16,190,20,N,,Chirra Ravikanthreddy,J Madanagopal
1304074,2022,Mumbai,17-04-2022,League,Umran Malik,"Dr DY Patil Sports Academy, Mumbai",Punjab Kings,Sunrisers Hyderabad,Sunrisers Hyderabad,field,Sunrisers Hyderabad,wickets,7,152,20,N,,PG Pathak,R Pandit
1304075,2022,Pune,17-04-2022,League,DA Miller,"Maharashtra Cricket Association Stadium, Pune",Chennai Super Kings,Gujarat Titans,Gujarat Titans,field,Gujarat Titans,wickets,3,170,20,N,,KN Ananthapadmanabhan,UV Gandhe
1304076,2022,Mumbai,18-04-2022,League,YS Chahal,"Brabourne Stadium, Mumbai",Rajasthan Royals,Kolkata Knight Riders,Kolkata Knight Riders,field,Rajasthan Royals,runs,7,218,20,N,,GR Sadashiv Iyer,VK Sharma
1304077,2022,Mumbai,19-04-2022,League,F du Plessis,"Dr DY Patil Sports Academy, Mumbai",Royal Challengers Bangalore,Lucknow Super Giants,Lucknow Super Giants,field,Royal Challengers Bangalore,runs,18,182,20,N,,CB Gaffaney,N Pandit
1304078,2022,Mumbai,20-04-2022,League,Kuldeep Yadav,"Brabourne Stadium, Mumbai",Punjab Kings,Delhi Capitals,Delhi Capitals,field,Delhi Capitals,wickets,9,116,20,N,,RJ Tucker,Tapan Sharma
1304079,2022,Navi Mumbai,21-04-2022,League,Mukesh Choudhary,"Dr DY Patil Sports Academy, Mumbai",Mumbai Indians,Chennai Super Kings,Chennai Super Kings,field,Chennai Super Kings,wickets,3,156,20,N,,BNJ Oxenford,UV Gandhe
1304080,2022,Mumbai,22-04-2022,League,JC Buttler,"Wankhede Stadium, Mumbai",Rajasthan Royals,Delhi Capitals,Delhi Capitals,field,Rajasthan Royals,runs,15,223,20,N,,NA Patwardhan,Nitin Menon
1304081,2022,Navi Mumbai,23-04-2022,League,Rashid Khan,"Dr DY Patil Sports Academy, Mumbai",Gujarat Titans,Kolkata Knight Riders,Gujarat Titans,bat,Gujarat Titans,runs,8,157,20,N,,KN Ananthapadmanabhan,UV Gandhe
1304082,2022,Mumbai,23-04-2022,League,M Jansen,"Brabourne Stadium, Mumbai",Royal Challengers Bangalore,Sunrisers Hyderabad,Sunrisers Hyderabad,field,Sunrisers Hyderabad,wickets,9,69,20,N,,Chirra Ravikanthreddy,J Madanagopal
1304083,2022,Mumbai,24-04-2022,League,KL Rahul,"Wankhede Stadium, Mumbai",Lucknow Super Giants,Mumbai Indians,Mumbai Indians,field,Lucknow Super Giants,runs,36,169,20,N,,M Erasmus,HAS Khalid
1304084,2022,Mumbai,25-04-2022,League,S Dhawan,"Wankhede Stadium, Mumbai",Punjab Kings,Chennai Super Kings,Chennai Super Kings,field,Punjab Kings,runs,11,188,20,N,,M Erasmus,Tapan Sharma
1304085,2022,Pune,26-04-2022,League,R Parag,"Maharashtra Cricket Association Stadium, Pune",Rajasthan Royals,Royal Challengers Bangalore,Royal Challengers Bangalore,field,Rajasthan Royals,runs,29,145,20,N,,BNJ Oxenford,KN Ananthapadmanabhan
1304086,2022,Mumbai,27-04-2022,League,Umran Malik,"Wankhede Stadium, Mumbai",Sunrisers Hyderabad,Gujarat Titans,Gujarat Titans,field,Gujarat Titans,wickets,5,196,20,N,,CB Gaffaney,Navdeep Singh
1304087,2022,Mumbai,28-04-2022,League,Kuldeep Yadav,"Wankhede Stadium, Mumbai",Kolkata Knight Riders,Delhi Capitals,Delhi Capitals,field,Delhi Capitals,wickets,4,147,20,N,,AK Chaudhary,PG Pathak
1304088,2022,Pune,29-04-2022,League,KH Pandya,"Maharashtra Cricket Association Stadium, Pune",Lucknow Super Giants,Punjab Kings,Punjab Kings,field,Lucknow Super Giants,runs,20,154,20,N,,MA Gough,UV Gandhe
1304089,2022,Mumbai,30-04-2022,League,R Tewatia,"Brabourne Stadium, Mumbai",Royal Challengers Bangalore,Gujarat Titans,Royal Challengers Bangalore,bat,Gujarat Titans,wickets,6,171,20,N,,HAS Khalid,VK Sharma
1304090,2022,Navi Mumbai,30-04-2022,League,SA Yadav,"Dr DY Patil Sports Academy, Mumbai",Rajasthan Royals,Mumbai Indians,Mumbai Indians,field,Mumbai Indians,wickets,5,159,20,N,,BNJ Oxenford,YC Barde
1304091,2022,Mumbai,01-05-2022,League,Mohsin Khan,"Wankhede Stadium, Mumbai",Lucknow Super Giants,Delhi Capitals,Lucknow Super Giants,bat,Lucknow Super Giants,runs,6,196,20,N,,Chirra Ravikanthreddy,CB Gaffaney
1304092,2022,Pune,01-05-2022,League,RD Gaikwad,"Maharashtra Cricket Association Stadium, Pune",Chennai Super Kings,Sunrisers Hyderabad,Sunrisers Hyderabad,field,Chennai Super Kings,runs,13,203,20,N,,AK Chaudhary,KN Ananthapadmanabhan
1304093,2022,Mumbai,02-05-2022,League,RK Singh,"Wankhede Stadium, Mumbai",Rajasthan Royals,Kolkata Knight Riders,Kolkata Knight Riders,field,Kolkata Knight Riders,wickets,7,153,20,N,,J Madanagopal,N Pandit
1304094,2022,Navi Mumbai,03-05-2022,League,K Rabada,"Dr DY Patil Sports Academy, Mumbai",Gujarat Titans,Punjab Kings,Gujarat Titans,bat,Punjab Kings,wickets,8,144,20,N,,R Pandit,VK Sharma
1304095,2022,Pune,04-05-2022,League,HV Patel,"Maharashtra Cricket Association Stadium, Pune",Royal Challengers Bangalore,Chennai Super Kings,Chennai Super Kings,field,Royal Challengers Bangalore,runs,13,174,20,N,,KN Ananthapadmanabhan,MA Gough
1304096,2022,Mumbai,05-05-2022,League,DA Warner,"Brabourne Stadium, Mumbai",Delhi Capitals,Sunrisers Hyderabad,Sunrisers Hyderabad,field,Delhi Capitals,runs,21,208,20,N,,Navdeep Singh,NA Patwardhan
1304097,2022,Mumbai,06-05-2022,League,TH David,"Brabourne Stadium, Mumbai",Mumbai Indians,Gujarat Titans,Gujarat Titans,field,Mumbai Indians,runs,5,178,20,N,,J Madanagopal,GR Sadashiv Iyer
1304098,2022,Mumbai,07-05-2022,League,YBK Jaiswal,"Wankhede Stadium, Mumbai",Punjab Kings,Rajasthan Royals,Punjab Kings,bat,Rajasthan Royals,wickets,6,190,20,N,,Chirra Ravikanthreddy,YC Barde
1304099,2022,Pune,07-05-2022,League,Avesh Khan,"Maharashtra Cricket Association Stadium, Pune",Lucknow Super Giants,Kolkata Knight Riders,Kolkata Knight Riders,field,Lucknow Super Giants,runs,75,177,20,N,,AK Chaudhary,MA Gough
1304100,2022,Mumbai,08-05-2022,League,PWH de Silva,"Wankhede Stadium, Mumbai",Royal Challengers Bangalore,Sunrisers Hyderabad,Royal Challengers Bangalore,bat,Royal Challengers Bangalore,runs,67,193,20,N,,BNJ Oxenford,N Pandit
1304101,2022,Navi Mumbai,08-05-2022,League,DP Conway,"Dr DY Patil Sports Academy, Mumbai",Chennai Super Kings,Delhi Capitals,Delhi Capitals,field,Chennai Super Kings,runs,91,209,20,N,,Nitin Menon,R Pandit
1304102,2022,Navi Mumbai,09-05-2022,League,JJ Bumrah,"Dr DY Patil Sports Academy, Mumbai",Kolkata Knight Riders,Mumbai Indians,Mumbai Indians,field,Kolkata Knight Riders,runs,52,166,20,N,,CB Gaffaney,GR Sadashiv Iyer
1304103,2022,Pune,10-05-2022,League,Shubman Gill,"Maharashtra Cricket Association Stadium, Pune",Gujarat Titans,Lucknow Super Giants,Gujarat Titans,bat,Gujarat Titans,runs,62,145,20,N,,KN Ananthapadmanabhan,MA Gough
1304104,2022,Navi Mumbai,11-05-2022,League,MR Marsh,"Dr DY Patil Sports Academy, Mumbai",Rajasthan Royals,Delhi Capitals,Delhi Capitals,field,Delhi Capitals,wickets,8,161,20,N,,NA Patwardhan,Nitin Menon
1304105,2022,Mumbai,12-05-2022,League,DR Sams,"Wankhede Stadium, Mumbai",Chennai Super Kings,Mumbai Indians,Mumbai Indians,field,Mumbai Indians,wickets,5,98,20,N,,Chirra Ravikanthreddy,CB Gaffaney
1304106,2022,Mumbai,13-05-2022,League,JM Bairstow,"Brabourne Stadium, Mumbai",Punjab Kings,Royal Challengers Bangalore,Royal Challengers Bangalore,field,Punjab Kings,runs,54,210,20,N,,J Madanagopal,N Pandit
1304107,2022,Pune,14-05-2022,League,AD Russell,"Maharashtra Cricket Association Stadium, Pune",Kolkata Knight Riders,Sunrisers Hyderabad,Kolkata Knight Riders,bat,Kolkata Knight Riders,runs,54,178,20,N,,AK Chaudhary,KN Ananthapadmanabhan
1304108,2022,Mumbai,15-05-2022,League,WP Saha,"Wankhede Stadium, Mumbai",Chennai Super Kings,Gujarat Titans,Chennai Super Kings,bat,Gujarat Titans,wickets,7,134,20,N,,R Pandit,VK Sharma
1304109,2022,Mumbai,15-05-2022,League,TA Boult,"Brabourne Stadium, Mumbai",Rajasthan Royals,Lucknow Super Giants,Rajasthan Royals,bat,Rajasthan Royals,runs,24,179,20,N,,PG Pathak,Tapan Sharma
1304110,2022,Navi Mumbai,16-05-2022,League,SN Thakur,"Dr DY Patil Sports Academy, Mumbai",Delhi Capitals,Punjab Kings,Punjab Kings,field,Delhi Capitals,runs,17,160,20,N,,GR Sadashiv Iyer,Nitin Menon
1304111,2022,Mumbai,17-05-2022,League,RA Tripathi,"Wankhede Stadium, Mumbai",Sunrisers Hyderabad,Mumbai Indians,Mumbai Indians,field,Sunrisers Hyderabad,runs,3,194,20,N,,CB Gaffaney,N Pandit
1304112,2022,Navi Mumbai,18-05-2022,League,Q de Kock,"Dr DY Patil Sports Academy, Mumbai",Lucknow Super Giants,Kolkata Knight Riders,Lucknow Super Giants,bat,Lucknow Super Giants,runs,2,211,20,N,,R Pandit,YC Barde
1304113,2022,Mumbai,19-05-2022,League,V Kohli,"Wankhede Stadium, Mumbai",Gujarat Titans,Royal Challengers Bangalore,Gujarat Titans,bat,Royal Challengers Bangalore,wickets,8,169,20,N,,KN Ananthapadmanabhan,GR Sadashiv Iyer
1304114,2022,Mumbai,20-05-2022,League,R Ashwin,"Brabourne Stadium, Mumbai",Chennai Super Kings,Rajasthan Royals,Chennai Super Kings,bat,Rajasthan Royals,wickets,5,151,20,N,,CB Gaffaney,NA Patwardhan
1304115,2022,Mumbai,21-05-2022,League,JJ Bumrah,"Wankhede Stadium, Mumbai",Delhi Capitals,Mumbai Indians,Mumbai Indians,field,Mumbai Indians,wickets,5,160,20,N,,Nitin Menon,Tapan Sharma
1304116,2022,Mumbai,22-05-2022,League,Harpreet Brar,"Wankhede Stadium, Mumbai",Sunrisers Hyderabad,Punjab Kings,Sunrisers Hyderabad,bat,Punjab Kings,wickets,5,158,20,N,,AK Chaudhary,NA Patwardhan
1312197,2022,Kolkata,24-05-2022,Qualifier 1,DA Miller,"Eden Gardens, Kolkata",Rajasthan Royals,Gujarat Titans,Gujarat Titans,field,Gujarat Titans,wickets,7,189,20,N,,BNJ Oxenford,VK Sharma
1312198,2022,Kolkata,25-05-2022,Eliminator,RM Patidar,"Eden Gardens, Kolkata",Royal Challengers Bangalore,Lucknow Super Giants,Lucknow Super Giants,field,Royal Challengers Bangalore,runs,14,208,20,N,,J Madanagopal,MA Gough
1312199,2022,Ahmedabad,27-05-2022,Qualifier 2,JC Buttler,"Narendra Modi Stadium, Ahmedabad",Royal Challengers Bangalore,Rajasthan Royals,Rajasthan Royals,field,Rajasthan Royals,wickets,7,158,20,N,,CB Gaffaney,Nitin Menon
1312200,2022,Ahmedabad,29-05-2022,Final,HH Pandya,"Narendra Modi Stadium, Ahmedabad",Rajasthan Royals,Gujarat Titans,Rajasthan Royals,bat,Gujarat Titans,wickets,7,131,20,N,,CB Gaffaney,Nitin Menon
1359475,2023,Ahmedabad,31-03-2023,League,Rashid Khan,"Narendra Modi Stadium, Ahmedabad",Chennai Super Kings,Gujarat Titans,Gujarat Titans,field,Gujarat Titans,wickets,5,179,20,N,,Nitin Menon,HAS Khalid
1359476,2023,Chandigarh,01-04-2023,League,Arshdeep Singh,"Punjab Cricket Association IS Bindra Stadium, Mohali, Chandigarh",Punjab Kings,Kolkata Knight Riders,Kolkata Knight Riders,field,Punjab Kings,runs,7,154,16,N,D/L,BNJ Oxenford,YC Barde
1359477,2023,Lucknow,01-04-2023,League,MA Wood,"Bharat Ratna Shri Atal Bihari Vajpayee Ekana Cricket Stadium, Lucknow",Lucknow Super Giants,Delhi Capitals,Delhi Capitals,field,Lucknow Super Giants,runs,50,194,20,N,,AK Chaudhary,NA Patwardhan
1359478,2023,Hyderabad,02-04-2023,League,JC Buttler,"Rajiv Gandhi International Stadium, Uppal, Hyderabad",Rajasthan Royals,Sunrisers Hyderabad,Sunrisers Hyderabad,field,Rajasthan Royals,runs,72,204,20,N,,KN Ananthapadmanabhan,R Pandit
1359479,2023,Bengaluru,02-04-2023,League,F du Plessis,"M Chinnaswamy Stadium, Bengaluru",Mumbai Indians,Royal Challengers Bangalore,Royal Challengers Bangalore,field,Royal Challengers Bangalore,wickets,8,172,20,N,,Nitin Menon,Tapan Sharma
1359480,2023,Chennai,03-04-2023,League,MM Ali,"MA Chidambaram Stadium, Chepauk, Chennai",Chennai Super Kings,Lucknow Super Giants,Lucknow Super Giants,field,Chennai Super Kings,runs,12,218,20,N,,A Totre,BNJ Oxenford
1359481,2023,Delhi,04-04-2023,League,B Sai Sudharsan,"Arun Jaitley Stadium, Delhi",Delhi Capitals,Gujarat Titans,Gujarat Titans,field,Gujarat Titans,wickets,6,163,20,N,,A Nand Kishore,GR Sadashiv Iyer
1359482,2023,Guwahati,05-04-2023,League,NT Ellis,"Barsapara Cricket Stadium, Guwahati",Punjab Kings,Rajasthan Royals,Rajasthan Royals,field,Punjab Kings,runs,5,198,20,N,,KN Ananthapadmanabhan,MV Saidharshan Kumar
1359483,2023,Kolkata,06-04-2023,League,SN Thakur,"Eden Gardens, Kolkata",Kolkata Knight Riders,Royal Challengers Bangalore,Royal Challengers Bangalore,field,Kolkata Knight Riders,runs,81,205,20,N,,Vinod Seshan,VK Sharma
1359484,2023,Lucknow,07-04-2023,League,KH Pandya,"Bharat Ratna Shri Atal Bihari Vajpayee Ekana Cricket Stadium, Lucknow",Sunrisers Hyderabad,Lucknow Super Giants,Sunrisers Hyderabad,bat,Lucknow Super Giants,wickets,5,122,20,N,,J Madanagopal,YC Barde
1359485,2023,Guwahati,08-04-2023,League,YBK Jaiswal,"Barsapara Cricket Stadium, Guwahati",Rajasthan Royals,Delhi Capitals,Delhi Capitals,field,Rajasthan Royals,runs,57,200,20,N,,Navdeep Singh,MV Saidharshan Kumar
1359486,2023,Mumbai,08-04-2023,League,RA Jadeja,"Wankhede Stadium, Mumbai",Mumbai Indians,Chennai Super Kings,Chennai Super Kings,field,Chennai Super Kings,wickets,7,158,20,N,,CB Gaffaney,NA Patwardhan
1359487,2023,Ahmedabad,09-04-2023,League,RK Singh,"Narendra Modi Stadium, Ahmedabad",Gujarat Titans,Kolkata Knight Riders,Gujarat Titans,bat,Kolkata Knight Riders,wickets,3,205,20,N,,Nitin Menon,Tapan Sharma
1359488,2023,Hyderabad,09-04-2023,League,S Dhawan,"Rajiv Gandhi International Stadium, Uppal, Hyderabad",Punjab Kings,Sunrisers Hyderabad,Sunrisers Hyderabad,field,Sunrisers Hyderabad,wickets,8,144,20,N,,BNJ Oxenford,UV Gandhe
1359489,2023,Bengaluru,10-04-2023,League,N Pooran,"M Chinnaswamy Stadium, Bengaluru",Royal Challengers Bangalore,Lucknow Super Giants,Lucknow Super Giants,field,Lucknow Super Giants,wickets,1,213,20,N,,AK Chaudhary,A Nand Kishore
1359490,2023,Delhi,11-04-2023,League,RG Sharma,"Arun Jaitley Stadium, Delhi",Delhi Capitals,Mumbai Indians,Mumbai Indians,field,Mumbai Indians,wickets,6,173,20,N,,MA Gough,R Pandit
1359491,2023,Chennai,12-04-2023,League,R Ashwin,"MA Chidambaram Stadium, Chepauk, Chennai",Rajasthan Royals,Chennai Super Kings,Chennai Super Kings,field,Rajasthan Royals,runs,3,176,20,N,,Vinod Seshan,VK Sharma
1359492,2023,Chandigarh,13-04-2023,League,MM Sharma,"Punjab Cricket Association IS Bindra Stadium, Mohali, Chandigarh",Punjab Kings,Gujarat Titans,Gujarat Titans,field,Gujarat Titans,wickets,6,154,20,N,,A Totre,J Madanagopal
1359493,2023,Kolkata,14-04-2023,League,HC Brook,"Eden Gardens, Kolkata",Sunrisers Hyderabad,Kolkata Knight Riders,Kolkata Knight Riders,field,Sunrisers Hyderabad,runs,23,229,20,N,,CB Gaffaney,GR Sadashiv Iyer
1359494,2023,Bengaluru,15-04-2023,League,V Kohli,"M Chinnaswamy Stadium, Bengaluru",Royal Challengers Bangalore,Delhi Capitals,Delhi Capitals,field,Royal Challengers Bangalore,runs,23,175,20,N,,KN Ananthapadmanabhan,MV Saidharshan Kumar
1359495,2023,Lucknow,15-04-2023,League,Sikandar Raza,"Bharat Ratna Shri Atal Bihari Vajpayee Ekana Cricket Stadium, Lucknow",Lucknow Super Giants,Punjab Kings,Punjab Kings,field,Punjab Kings,wickets,2,160,20,N,,HAS Khalid,VK Sharma
1359496,2023,Mumbai,16-04-2023,League,VR Iyer,"Wankhede Stadium, Mumbai",Kolkata Knight Riders,Mumbai Indians,Mumbai Indians,field,Mumbai Indians,wickets,5,186,20,N,,BNJ Oxenford,UV Gandhe
1359497,2023,Ahmedabad,16-04-2023,League,SO Hetmyer,"Narendra Modi Stadium, Ahmedabad",Gujarat Titans,Rajasthan Royals,Rajasthan Royals,field,Rajasthan Royals,wickets,3,178,20,N,,AK Chaudhary,CB Gaffaney
1359498,2023,Bengaluru,17-04-2023,League,DP Conway,"M Chinnaswamy Stadium, Bengaluru",Chennai Super Kings,Royal Challengers Bangalore,Royal Challengers Bangalore,field,Chennai Super Kings,runs,8,227,20,N,,KN Ananthapadmanabhan,Navdeep Singh
1359499,2023,Hyderabad,18-04-2023,League,C Green,"Rajiv Gandhi International Stadium, Uppal, Hyderabad",Mumbai Indians,Sunrisers Hyderabad,Sunrisers Hyderabad,field,Mumbai Indians,runs,14,193,20,N,,Nitin Menon,Vinod Seshan
1359500,2023,Jaipur,19-04-2023,League,MP Stoinis,"Sawai Mansingh Stadium, Jaipur",Lucknow Super Giants,Rajasthan Royals,Rajasthan Royals,field,Lucknow Super Giants,runs,10,155,20,N,,J Madanagopal,YC Barde
1359501,2023,Chandigarh,20-04-2023,League,Mohammed Siraj,"Punjab Cricket Association IS Bindra Stadium, Mohali, Chandigarh",Royal Challengers Bangalore,Punjab Kings,Punjab Kings,field,Royal Challengers Bangalore,runs,24,175,20,N,,AK Chaudhary,GR Sadashiv Iyer
1359502,2023,Delhi,20-04-2023,League,I Sharma,"Arun Jaitley Stadium, Delhi",Kolkata Knight Riders,Delhi Capitals,Delhi Capitals,field,Delhi Capitals,wickets,4,128,20,N,,MA Gough,R Pandit
1359503,2023,Chennai,21-04-2023,League,RA Jadeja,"MA Chidambaram Stadium, Chepauk, Chennai",Sunrisers Hyderabad,Chennai Super Kings,Chennai Super Kings,field,Chennai Super Kings,wickets,7,135,20,N,,HAS Khalid,VK Sharma
1359504,2023,Lucknow,22-04-2023,League,MM Sharma,"Bharat Ratna Shri Atal Bihari Vajpayee Ekana Cricket Stadium, Lucknow",Gujarat Titans,Lucknow Super Giants,Gujarat Titans,bat,Gujarat Titans,runs,7,136,20,N,,A Totre,RJ Tucker
1359505,2023,Mumbai,22-04-2023,League,SM Curran,"Wankhede Stadium, Mumbai",Punjab Kings,Mumbai Indians,Mumbai Indians,field,Punjab Kings,runs,13,215,20,N,,CB Gaffaney,GR Sadashiv Iyer
1359506,2023,Bengaluru,23-04-2023,League,GJ Maxwell,"M Chinnaswamy Stadium, Bengaluru",Royal Challengers Bangalore,Rajasthan Royals,Rajasthan Royals,field,Royal Challengers Bangalore,runs,7,190,20,N,,MA Gough,MV Saidharshan Kumar
1359507,2023,Kolkata,23-04-2023,League,AM Rahane,"Eden Gardens, Kolkata",Chennai Super Kings,Kolkata Knight Riders,Kolkata Knight Riders,field,Chennai Super Kings,runs,49,236,20,N,,Nitin Menon,Tapan Sharma
1359508,2023,Hyderabad,24-04-2023,League,AR Patel,"Rajiv Gandhi International Stadium, Uppal, Hyderabad",Delhi Capitals,Sunrisers Hyderabad,Delhi Capitals,bat,Delhi Capitals,runs,7,145,20,N,,J Madanagopal,RJ Tucker
1359509,2023,Ahmedabad,25-04-2023,League,A Manohar,"Narendra Modi Stadium, Ahmedabad",Gujarat Titans,Mumbai Indians,Mumbai Indians,field,Gujarat Titans,runs,55,208,20,N,,AK Chaudhary,A Nand Kishore
1359510,2023,Bengaluru,26-04-2023,League,CV Varun,"M Chinnaswamy Stadium, Bengaluru",Kolkata Knight Riders,Royal Challengers Bangalore,Royal Challengers Bangalore,field,Kolkata Knight Riders,runs,21,201,20,N,,KN Ananthapadmanabhan,R Pandit
1359511,2023,Jaipur,27-04-2023,League,YBK Jaiswal,"Sawai Mansingh Stadium, Jaipur",Rajasthan Royals,Chennai Super Kings,Rajasthan Royals,bat,Rajasthan Royals,runs,32,203,20,N,,A Totre,YC Barde
1359512,2023,Chandigarh,28-04-2023,League,MP Stoinis,"Punjab Cricket Association IS Bindra Stadium, Mohali, Chandigarh",Lucknow Super Giants,Punjab Kings,Punjab Kings,field,Lucknow Super Giants,runs,56,258,20,N,,Nitin Menon,Vinod Seshan
1359513,2023,Kolkata,29-04-2023,League,J Little,"Eden Gardens, Kolkata",Kolkata Knight Riders,Gujarat Titans,Gujarat Titans,field,Gujarat Titans,wickets,7,180,20,N,,NA Patwardhan,GR Sadashiv Iyer
1359514,2023,Delhi,29-04-2023,League,MR Marsh,"Arun Jaitley Stadium, Delhi",Sunrisers Hyderabad,Delhi Capitals,Sunrisers Hyderabad,bat,Sunrisers Hyderabad,runs,9,198,20,N,,MA Gough,Navdeep Singh
1359515,2023,Chennai,30-04-2023,League,DP Conway,"MA Chidambaram Stadium, Chepauk, Chennai",Chennai Super Kings,Punjab Kings,Chennai Super Kings,bat,Punjab Kings,wickets,4,201,20,N,,RJ Tucker,UV Gandhe
1359516,2023,Mumbai,30-04-2023,League,YBK Jaiswal,"Wankhede Stadium, Mumbai",Rajasthan Royals,Mumbai Indians,Rajasthan Royals,bat,Mumbai Indians,wickets,6,213,20,N,,Vinod Seshan,VK Sharma
1359517,2023,Lucknow,01-05-2023,League,F du Plessis,"Bharat Ratna Shri Atal Bihari Vajpayee Ekana Cricket Stadium, Lucknow",Royal Challengers Bangalore,Lucknow Super Giants,Royal Challengers Bangalore,bat,Royal Challengers Bangalore,runs,18,127,20,N,,AK Chaudhary,GR Sadashiv Iyer
1359518,2023,Ahmedabad,02-05-2023,League,Mohammed Shami,"Narendra Modi Stadium, Ahmedabad",Delhi Capitals,Gujarat Titans,Delhi Capitals,bat,Delhi Capitals,runs,5,131,20,N,,MA Gough,R Pandit
1359519,2023,Lucknow,03-05-2023,League,,"Bharat Ratna Shri Atal Bihari Vajpayee Ekana Cricket Stadium, Lucknow",Lucknow Super Giants,Chennai Super Kings,Chennai Super Kings,field,,no result,,0,0,N,,AK Chaudhary,NA Patwardhan
1359520,2023,Chandigarh,03-05-2023,League,Ishan Kishan,"Punjab Cricket Association IS Bindra Stadium, Mohali, Chandigarh",Punjab Kings,Mumbai Indians,Mumbai Indians,field,Mumbai Indians,wickets,6,215,20,N,,J Madanagopal,RJ Tucker
1359521,2023,Hyderabad,04-05-2023,League,CV Varun,"Rajiv Gandhi International Stadium, Uppal, Hyderabad",Kolkata Knight Riders,Sunrisers Hyderabad,Kolkata Knight Riders,bat,Kolkata Knight Riders,runs,5,172,20,N,,KN Ananthapadmanabhan,MA Gough
1359522,2023,Jaipur,05-05-2023,League,Rashid Khan,"Sawai Mansingh Stadium, Jaipur",Rajasthan Royals,Gujarat Titans,Rajasthan Royals,bat,Gujarat Titans,wickets,9,119,20,N,,HAS Khalid,VK Sharma
1359523,2023,Chennai,06-05-2023,League,M Pathirana,"MA Chidambaram Stadium, Chepauk, Chennai",Mumbai Indians,Chennai Super Kings,Chennai Super Kings,field,Chennai Super Kings,wickets,6,140,20,N,,BNJ Oxenford,Navdeep Singh
1359524,2023,Delhi,06-05-2023,League,PD Salt,"Arun Jaitley Stadium, Delhi",Royal Challengers Bangalore,Delhi Capitals,Royal Challengers Bangalore,bat,Delhi Capitals,wickets,7,182,20,N,,RJ Tucker,YC Barde
1359525,2023,Ahmedabad,07-05-2023,League,Shubman Gill,"Narendra Modi Stadium, Ahmedabad",Gujarat Titans,Lucknow Super Giants,Lucknow Super Giants,field,Gujarat Titans,runs,56,228,20,N,,AK Chaudhary,A Nand Kishore
1359526,2023,Jaipur,07-05-2023,League,GD Phillips,"Sawai Mansingh Stadium, Jaipur",Rajasthan Royals,Sunrisers Hyderabad,Rajasthan Royals,bat,Sunrisers Hyderabad,wickets,4,215,20,N,,Nitin Menon,Vinod Seshan
1359527,2023,Kolkata,08-05-2023,League,AD Russell,"Eden Gardens, Kolkata",Punjab Kings,Kolkata Knight Riders,Punjab Kings,bat,Kolkata Knight Riders,wickets,5,180,20,N,,A Totre,J Madanagopal
1359528,2023,Mumbai,09-05-2023,League,SA Yadav,"Wankhede Stadium, Mumbai",Royal Challengers Bangalore,Mumbai Indians,Mumbai Indians,field,Mumbai Indians,wickets,6,200,20,N,,HAS Khalid,VK Sharma
1359529,2023,Chennai,10-05-2023,League,RA Jadeja,"MA Chidambaram Stadium, Chepauk, Chennai",Chennai Super Kings,Delhi Capitals,Chennai Super Kings,bat,Chennai Super Kings,runs,27,168,20,N,,CB Gaffaney,NA Patwardhan
1359530,2023,Kolkata,11-05-2023,League,YBK Jaiswal,"Eden Gardens, Kolkata",Kolkata Knight Riders,Rajasthan Royals,Rajasthan Royals,field,Rajasthan Royals,wickets,9,150,20,N,,RJ Tucker,MV Saidharshan Kumar
1359531,2023,Mumbai,12-05-2023,League,SA Yadav,"Wankhede Stadium, Mumbai",Mumbai Indians,Gujarat Titans,Gujarat Titans,field,Mumbai Indians,runs,27,219,20,N,,Nitin Menon,Tapan Sharma
1359532,2023,Hyderabad,13-05-2023,League,PN Mankad,"Rajiv Gandhi International Stadium, Uppal, Hyderabad",Sunrisers Hyderabad,Lucknow Super Giants,Sunrisers Hyderabad,bat,Lucknow Super Giants,wickets,7,183,20,N,,A Totre,J Madanagopal
1359533,2023,Delhi,13-05-2023,League,P Simran Singh,"Arun Jaitley Stadium, Delhi",Punjab Kings,Delhi Capitals,Delhi Capitals,field,Punjab Kings,runs,31,168,20,N,,CB Gaffaney,NA Patwardhan
1359534,2023,Jaipur,14-05-2023,League,WD Parnell,"Sawai Mansingh Stadium, Jaipur",Royal Challengers Bangalore,Rajasthan Royals,Royal Challengers Bangalore,bat,Royal Challengers Bangalore,runs,112,172,20,N,,KN Ananthapadmanabhan,Navdeep Singh
1359535,2023,Chennai,14-05-2023,League,RK Singh,"MA Chidambaram Stadium, Chepauk, Chennai",Chennai Super Kings,Kolkata Knight Riders,Chennai Super Kings,bat,Kolkata Knight Riders,wickets,6,145,20,N,,Tapan Sharma,Vinod Seshan
1359536,2023,Ahmedabad,15-05-2023,League,Shubman Gill,"Narendra Modi Stadium, Ahmedabad",Gujarat Titans,Sunrisers Hyderabad,Sunrisers Hyderabad,field,Gujarat Titans,runs,34,189,20,N,,J Madanagopal,UV Gandhe
1359537,2023,Lucknow,16-05-2023,League,MP Stoinis,"Bharat Ratna Shri Atal Bihari Vajpayee Ekana Cricket Stadium, Lucknow",Lucknow Super Giants,Mumbai Indians,Mumbai Indians,field,Lucknow Super Giants,runs,5,178,20,N,,AK Chaudhary,A Nand Kishore
1359538,2023,Dharamsala,17-05-2023,League,RR Rossouw,"Himachal Pradesh Cricket Association Stadium, Dharamsala",Delhi Capitals,Punjab Kings,Punjab Kings,field,Delhi Capitals,runs,15,214,20,N,,KN Ananthapadmanabhan,MV Saidharshan Kumar
1359539,2023,Hyderabad,18-05-2023,League,V Kohli,"Rajiv Gandhi International Stadium, Uppal, Hyderabad",Sunrisers Hyderabad,Royal Challengers Bangalore,Royal Challengers Bangalore,field,Royal Challengers Bangalore,wickets,8,187,20,N,,BNJ Oxenford,VK Sharma
1359540,2023,Dharamsala,19-05-2023,League,D Padikkal,"Himachal Pradesh Cricket Association Stadium, Dharamsala",Punjab Kings,Rajasthan Royals,Rajasthan Royals,field,Rajasthan Royals,wickets,4,188,20,N,,A Nand Kishore,RJ Tucker
1359541,2023,Delhi,20-05-2023,League,RD Gaikwad,"Arun Jaitley Stadium, Delhi",Chennai Super Kings,Delhi Capitals,Chennai Super Kings,bat,Chennai Super Kings,runs,77,224,20,N,,CB Gaffaney,NA Patwardhan
1359542,2023,Kolkata,20-05-2023,League,N Pooran,"Eden Gardens, Kolkata",Lucknow Super Giants,Kolkata Knight Riders,Kolkata Knight Riders,field,Lucknow Super Giants,runs,1,177,20,N,,J Madanagopal,UV Gandhe
1359543,2023,Mumbai,21-05-2023,League,C Green,"Wankhede Stadium, Mumbai",Sunrisers Hyderabad,Mumbai Indians,Mumbai Indians,field,Mumbai Indians,wickets,8,201,20,N,,KN Ananthapadmanabhan,RJ Tucker
1359544,2023,Bengaluru,21-05-2023,League,Shubman Gill,"M Chinnaswamy Stadium, Bengaluru",Royal Challengers Bangalore,Gujarat Titans,Gujarat Titans,field,Gujarat Titans,wickets,6,198,20,N,,Nitin Menon,VK Sharma
1370350,2023,Chennai,23-05-2023,Qualifier 1,RD Gaikwad,"MA Chidambaram Stadium, Chepauk, Chennai",Chennai Super Kings,Gujarat Titans,Gujarat Titans,field,Chennai Super Kings,runs,15,173,20,N,,AK Chaudhary,CB Gaffaney
1370351,2023,Chennai,24-05-2023,Eliminator,Akash Madhwal,"MA Chidambaram Stadium, Chepauk, Chennai",Mumbai Indians,Lucknow Super Giants,Mumbai Indians,bat,Mumbai Indians,runs,81,183,20,N,,BNJ Oxenford,VK Sharma
1370352,2023,Ahmedabad,26-05-2023,Qualifier 2,Shubman Gill,"Narendra Modi Stadium, Ahmedabad",Gujarat Titans,Mumbai Indians,Mumbai Indians,field,Gujarat Titans,runs,62,234,20,N,,Nitin Menon,RJ Tucker
1370353,2023,Ahmedabad,29-05-2023,Final,DP Conway,"Narendra Modi Stadium, Ahmedabad",Gujarat Titans,Chennai Super Kings,Chennai Super Kings,field,Chennai Super Kings,wickets,5,171,15,N,D/L,Nitin Menon,RJ Tucker
1422119,2024,Chennai,22-03-2024,League,Mustafizur Rahman,"MA Chidambaram Stadium, Chepauk, Chennai",Royal Challengers Bengaluru,Chennai Super Kings,Royal Challengers Bengaluru,bat,Chennai Super Kings,wickets,6,174,20,N,,HAS Khalid,VK Sharma
1422120,2024,Mohali,23-03-2024,League,SM Curran,"Maharaja Yadavindra Singh International Cricket Stadium, Mullanpur",Delhi Capitals,Punjab Kings,Punjab Kings,field,Punjab Kings,wickets,4,175,20,N,,J Madanagopal,NA Patwardhan
1422121,2024,Kolkata,23-03-2024,League,AD Russell,"Eden Gardens, Kolkata",Kolkata Knight Riders,Sunrisers Hyderabad,Sunrisers Hyderabad,field,Kolkata Knight Riders,runs,4,209,20,N,,R Pandit,YC Barde
1422122,2024,Jaipur,24-03-2024,League,SV Samson,"Sawai Mansingh Stadium, Jaipur",Rajasthan Royals,Lucknow Super Giants,Rajasthan Royals,bat,Rajasthan Royals,runs,20,194,20,N,,A Totre,HDPK Dharmasena
1422123,2024,Ahmedabad,24-03-2024,League,B Sai Sudharsan,"Narendra Modi Stadium, Ahmedabad",Gujarat Titans,Mumbai Indians,Mumbai Indians,field,Gujarat Titans,runs,6,169,20,N,,VA Kulkarni,VK Sharma
1422124,2024,Bengaluru,25-03-2024,League,V Kohli,"M Chinnaswamy Stadium, Bengaluru",Punjab Kings,Royal Challengers Bengaluru,Royal Challengers Bengaluru,field,Royal Challengers Bengaluru,wickets,4,177,20,N,,AK Chaudhary,MV Saidharshan Kumar
1422125,2024,Chennai,26-03-2024,League,S Dube,"MA Chidambaram Stadium, Chepauk, Chennai",Chennai Super Kings,Gujarat Titans,Gujarat Titans,field,Chennai Super Kings,runs,63,207,20,N,,AG Wharf,Tapan Sharma
1422126,2024,Hyderabad,27-03-2024,League,Abhishek Sharma,"Rajiv Gandhi International Stadium, Uppal, Hyderabad",Sunrisers Hyderabad,Mumbai Indians,Mumbai Indians,field,Sunrisers Hyderabad,runs,31,278,20,N,,KN Ananthapadmanabhan,UV Gandhe
1422127,2024,Jaipur,28-03-2024,League,R Parag,"Sawai Mansingh Stadium, Jaipur",Rajasthan Royals,Delhi Capitals,Delhi Capitals,field,Rajasthan Royals,runs,12,186,20,N,,A Nand Kishore,Nitin Menon
1422128,2024,Bengaluru,29-03-2024,League,SP Narine,"M Chinnaswamy Stadium, Bengaluru",Royal Challengers Bengaluru,Kolkata Knight Riders,Kolkata Knight Riders,field,Kolkata Knight Riders,wickets,7,183,20,N,,AK Chaudhary,R Pandit
1422129,2024,Lucknow,30-03-2024,League,MP Yadav,"Bharat Ratna Shri Atal Bihari Vajpayee Ekana Cricket Stadium, Lucknow",Lucknow Super Giants,Punjab Kings,Lucknow Super Giants,bat,Lucknow Super Giants,runs,21,200,20,N,,J Madanagopal,Navdeep Singh
1422130,2024,Ahmedabad,31-03-2024,League,MM Sharma,"Narendra Modi Stadium, Ahmedabad",Sunrisers Hyderabad,Gujarat Titans,Sunrisers Hyderabad,bat,Gujarat Titans,wickets,7,163,20,N,,HAS Khalid,VK Sharma
1422131,2024,Visakhapatnam,31-03-2024,League,KK Ahmed,"Dr. Y.S. Rajasekhara Reddy ACA-VDCA Cricket Stadium, Visakhapatnam",Delhi Capitals,Chennai Super Kings,Delhi Capitals,bat,Delhi Capitals,runs,20,192,20,N,,HDPK Dharmasena,Vinod Seshan
1422132,2024,Mumbai,01-04-2024,League,TA Boult,"Wankhede Stadium, Mumbai",Mumbai Indians,Rajasthan Royals,Rajasthan Royals,field,Rajasthan Royals,wickets,6,126,20,N,,MV Saidharshan Kumar,YC Barde
1422133,2024,Bengaluru,02-04-2024,League,MP Yadav,"M Chinnaswamy Stadium, Bengaluru",Lucknow Super Giants,Royal Challengers Bengaluru,Royal Challengers Bengaluru,field,Lucknow Super Giants,runs,28,182,20,N,,J Madanagopal,NA Patwardhan
1422134,2024,Visakhapatnam,03-04-2024,League,SP Narine,"Dr. Y.S. Rajasekhara Reddy ACA-VDCA Cricket Stadium, Visakhapatnam",Kolkata Knight Riders,Delhi Capitals,Kolkata Knight Riders,bat,Kolkata Knight Riders,runs,106,273,20,N,,A Totre,UV Gandhe
1422135,2024,Ahmedabad,04-04-2024,League,Shashank Singh,"Narendra Modi Stadium, Ahmedabad",Gujarat Titans,Punjab Kings,Punjab Kings,field,Punjab Kings,wickets,3,200,20,N,,Nitin Menon,VA Kulkarni
1422136,2024,Hyderabad,05-04-2024,League,Abhishek Sharma,"Rajiv Gandhi International Stadium, Uppal, Hyderabad",Chennai Super Kings,Sunrisers Hyderabad,Sunrisers Hyderabad,field,Sunrisers Hyderabad,wickets,6,166,20,N,,R Pandit,YC Barde
1422137,2024,Jaipur,06-04-2024,League,JC Buttler,"Sawai Mansingh Stadium, Jaipur",Royal Challengers Bengaluru,Rajasthan Royals,Rajasthan Royals,field,Rajasthan Royals,wickets,6,184,20,N,,AG Wharf,Tapan Sharma
1422138,2024,Mumbai,07-04-2024,League,R Shepherd,"Wankhede Stadium, Mumbai",Mumbai Indians,Delhi Capitals,Delhi Capitals,field,Mumbai Indians,runs,29,235,20,N,,HDPK Dharmasena,UV Gandhe
1422139,2024,Lucknow,07-04-2024,League,Yash Thakur,"Bharat Ratna Shri Atal Bihari Vajpayee Ekana Cricket Stadium, Lucknow",Lucknow Super Giants,Gujarat Titans,Lucknow Super Giants,bat,Lucknow Super Giants,runs,33,164,20,N,,A Nand Kishore,VK Sharma
1426260,2024,Chennai,08-04-2024,League,RA Jadeja,"MA Chidambaram Stadium, Chepauk, Chennai",Kolkata Knight Riders,Chennai Super Kings,Chennai Super Kings,field,Chennai Super Kings,wickets,7,138,20,N,,AK Chaudhary,MV Saidharshan Kumar
1426261,2024,Mohali,09-04-2024,League,Nithish Kumar Reddy,"Maharaja Yadavindra Singh International Cricket Stadium, Mullanpur",Sunrisers Hyderabad,Punjab Kings,Punjab Kings,field,Sunrisers Hyderabad,runs,2,183,20,N,,Navdeep Singh,NA Patwardhan
1426262,2024,Jaipur,10-04-2024,League,Rashid Khan,"Sawai Mansingh Stadium, Jaipur",Rajasthan Royals,Gujarat Titans,Gujarat Titans,field,Gujarat Titans,wickets,3,197,20,N,,HDPK Dharmasena,Vinod Seshan
1426263,2024,Mumbai,11-04-2024,League,JJ Bumrah,"Wankhede Stadium, Mumbai",Royal Challengers Bengaluru,Mumbai Indians,Mumbai Indians,field,Mumbai Indians,wickets,7,197,20,N,,Nitin Menon,VA Kulkarni
1426264,2024,Lucknow,12-04-2024,League,Kuldeep Yadav,"Bharat Ratna Shri Atal Bihari Vajpayee Ekana Cricket Stadium, Lucknow",Lucknow Super Giants,Delhi Capitals,Lucknow Super Giants,bat,Delhi Capitals,wickets,6,168,20,N,,R Pandit,YC Barde
1426265,2024,Mohali,13-04-2024,League,SO Hetmyer,"Maharaja Yadavindra Singh International Cricket Stadium, Mullanpur",Punjab Kings,Rajasthan Royals,Rajasthan Royals,field,Rajasthan Royals,wickets,3,148,20,N,,AK Chaudhary,Tapan Sharma
1426266,2024,Kolkata,14-04-2024,League,PD Salt,"Eden Gardens, Kolkata",Lucknow Super Giants,Kolkata Knight Riders,Kolkata Knight Riders,field,Kolkata Knight Riders,wickets,8,162,20,N,,A Totre,Vinod Seshan
1426267,2024,Mumbai,14-04-2024,League,M Pathirana,"Wankhede Stadium, Mumbai",Chennai Super Kings,Mumbai Indians,Mumbai Indians,field,Chennai Super Kings,runs,20,207,20,N,,Nitin Menon,HAS Khalid
1426268,2024,Bengaluru,15-04-2024,League,TM Head,"M Chinnaswamy Stadium, Bengaluru",Sunrisers Hyderabad,Royal Challengers Bengaluru,Royal Challengers Bengaluru,field,Sunrisers Hyderabad,runs,25,288,20,N,,AK Chaudhary,R Pandit
1426269,2024,Kolkata,16-04-2024,League,JC Buttler,"Eden Gardens, Kolkata",Kolkata Knight Riders,Rajasthan Royals,Rajasthan Royals,field,Rajasthan Royals,wickets,2,224,20,N,,MA Gough,UV Gandhe
1426270,2024,Ahmedabad,17-04-2024,League,RR Pant,"Narendra Modi Stadium, Ahmedabad",Gujarat Titans,Delhi Capitals,Delhi Capitals,field,Delhi Capitals,wickets,6,90,20,N,,NA Patwardhan,VK Sharma
1426271,2024,Mohali,18-04-2024,League,JJ Bumrah,"Maharaja Yadavindra Singh International Cricket Stadium, Mullanpur",Mumbai Indians,Punjab Kings,Punjab Kings,field,Mumbai Indians,runs,9,193,20,N,,A Nand Kishore,VA Kulkarni
1426272,2024,Lucknow,19-04-2024,League,KL Rahul,"Bharat Ratna Shri Atal Bihari Vajpayee Ekana Cricket Stadium, Lucknow",Chennai Super Kings,Lucknow Super Giants,Lucknow Super Giants,field,Lucknow Super Giants,wickets,8,177,20,N,,AK Chaudhary,R Pandit
1426273,2024,Delhi,20-04-2024,League,TM Head,"Arun Jaitley Stadium, Delhi",Sunrisers Hyderabad,Delhi Capitals,Delhi Capitals,field,Sunrisers Hyderabad,runs,67,267,20,N,,J Madanagopal,Navdeep Singh
1426274,2024,Kolkata,21-04-2024,League,AD Russell,"Eden Gardens, Kolkata",Kolkata Knight Riders,Royal Challengers Bengaluru,Royal Challengers Bengaluru,field,Kolkata Knight Riders,runs,1,223,20,N,,A Totre,Vinod Seshan
1426275,2024,Mohali,21-04-2024,League,R Sai Kishore,"Maharaja Yadavindra Singh International Cricket Stadium, Mullanpur",Punjab Kings,Gujarat Titans,Punjab Kings,bat,Gujarat Titans,wickets,3,143,20,N,,A Nand Kishore,VA Kulkarni
1426276,2024,Jaipur,22-04-2024,League,Sandeep Sharma,"Sawai Mansingh Stadium, Jaipur",Mumbai Indians,Rajasthan Royals,Mumbai Indians,bat,Rajasthan Royals,wickets,9,180,20,N,,AK Chaudhary,MV Saidharshan Kumar
1426277,2024,Chennai,23-04-2024,League,MP Stoinis,"MA Chidambaram Stadium, Chepauk, Chennai",Chennai Super Kings,Lucknow Super Giants,Lucknow Super Giants,field,Lucknow Super Giants,wickets,6,211,20,N,,NA Patwardhan,Tapan Sharma
1426278,2024,Delhi,24-04-2024,League,RR Pant,"Arun Jaitley Stadium, Delhi",Delhi Capitals,Gujarat Titans,Gujarat Titans,field,Delhi Capitals,runs,4,225,20,N,,KN Ananthapadmanabhan,UV Gandhe
1426279,2024,Hyderabad,25-04-2024,League,RM Patidar,"Rajiv Gandhi International Stadium, Uppal, Hyderabad",Royal Challengers Bengaluru,Sunrisers Hyderabad,Royal Challengers Bengaluru,bat,Royal Challengers Bengaluru,runs,35,207,20,N,,Nitin Menon,HAS Khalid
1426280,2024,Kolkata,26-04-2024,League,JM Bairstow,"Eden Gardens, Kolkata",Kolkata Knight Riders,Punjab Kings,Punjab Kings,field,Punjab Kings,wickets,8,262,20,N,,AK Chaudhary,YC Barde
1426281,2024,Delhi,27-04-2024,League,J Fraser-McGurk,"Arun Jaitley Stadium, Delhi",Delhi Capitals,Mumbai Indians,Mumbai Indians,field,Delhi Capitals,runs,10,258,20,N,,Navdeep Singh,NA Patwardhan
1426282,2024,Lucknow,27-04-2024,League,SV Samson,"Bharat Ratna Shri Atal Bihari Vajpayee Ekana Cricket Stadium, Lucknow",Lucknow Super Giants,Rajasthan Royals,Rajasthan Royals,field,Rajasthan Royals,wickets,7,197,20,N,,KN Ananthapadmanabhan,MA Gough
1426283,2024,Ahmedabad,28-04-2024,League,WG Jacks,"Narendra Modi Stadium, Ahmedabad",Gujarat Titans,Royal Challengers Bengaluru,Royal Challengers Bengaluru,field,Royal Challengers Bengaluru,wickets,9,201,20,N,,Nitin Menon,VK Sharma
1426284,2024,Chennai,28-04-2024,League,RD Gaikwad,"MA Chidambaram Stadium, Chepauk, Chennai",Chennai Super Kings,Sunrisers Hyderabad,Sunrisers Hyderabad,field,Chennai Super Kings,runs,78,213,20,N,,R Pandit,MV Saidharshan Kumar
1426285,2024,Kolkata,29-04-2024,League,CV Varun,"Eden Gardens, Kolkata",Delhi Capitals,Kolkata Knight Riders,Delhi Capitals,bat,Kolkata Knight Riders,wickets,7,154,20,N,,Navdeep Singh,Tapan Sharma
1426286,2024,Lucknow,30-04-2024,League,MP Stoinis,"Bharat Ratna Shri Atal Bihari Vajpayee Ekana Cricket Stadium, Lucknow",Mumbai Indians,Lucknow Super Giants,Lucknow Super Giants,field,Lucknow Super Giants,wickets,4,145,20,N,,MA Gough,UV Gandhe
1426287,2024,Chennai,01-05-2024,League,Harpreet Brar,"MA Chidambaram Stadium, Chepauk, Chennai",Chennai Super Kings,Punjab Kings,Punjab Kings,field,Punjab Kings,wickets,7,163,20,N,,HAS Khalid,VK Sharma
1426288,2024,Hyderabad,02-05-2024,League,B Kumar,"Rajiv Gandhi International Stadium, Uppal, Hyderabad",Sunrisers Hyderabad,Rajasthan Royals,Sunrisers Hyderabad,bat,Sunrisers Hyderabad,runs,1,202,20,N,,AK Chaudhary,YC Barde
1426289,2024,Mumbai,03-05-2024,League,VR Iyer,"Wankhede Stadium, Mumbai",Kolkata Knight Riders,Mumbai Indians,Mumbai Indians,field,Kolkata Knight Riders,runs,24,170,20,N,,J Madanagopal,Tapan Sharma
1426290,2024,Bengaluru,04-05-2024,League,Mohammed Siraj,"M Chinnaswamy Stadium, Bengaluru",Gujarat Titans,Royal Challengers Bengaluru,Royal Challengers Bengaluru,field,Royal Challengers Bengaluru,wickets,4,148,20,N,,A Totre,Vinod Seshan
1426291,2024,Dharamsala,05-05-2024,League,RA Jadeja,"Himachal Pradesh Cricket Association Stadium, Dharamsala",Chennai Super Kings,Punjab Kings,Punjab Kings,field,Chennai Super Kings,runs,28,168,20,N,,A Nand Kishore,VA Kulkarni
1426292,2024,Lucknow,05-05-2024,League,SP Narine,"Bharat Ratna Shri Atal Bihari Vajpayee Ekana Cricket Stadium, Lucknow",Kolkata Knight Riders,Lucknow Super Giants,Lucknow Super Giants,field,Kolkata Knight Riders,runs,98,236,20,N,,MV Saidharshan Kumar,YC Barde
1426293,2024,Mumbai,06-05-2024,League,SA Yadav,"Wankhede Stadium, Mumbai",Sunrisers Hyderabad,Mumbai Indians,Mumbai Indians,field,Mumbai Indians,wickets,7,174,20,N,,Navdeep Singh,Tapan Sharma
1426294,2024,Delhi,07-05-2024,League,Kuldeep Yadav,"Arun Jaitley Stadium, Delhi",Delhi Capitals,Rajasthan Royals,Rajasthan Royals,field,Delhi Capitals,runs,20,222,20,N,,KN Ananthapadmanabhan,UV Gandhe
1426295,2024,Hyderabad,08-05-2024,League,TM Head,"Rajiv Gandhi International Stadium, Uppal, Hyderabad",Lucknow Super Giants,Sunrisers Hyderabad,Lucknow Super Giants,bat,Sunrisers Hyderabad,wickets,10,166,20,N,,MV Saidharshan Kumar,YC Barde
1426296,2024,Dharamsala,09-05-2024,League,V Kohli,"Himachal Pradesh Cricket Association Stadium, Dharamsala",Royal Challengers Bengaluru,Punjab Kings,Punjab Kings,field,Royal Challengers Bengaluru,runs,60,242,20,N,,Nitin Menon,HAS Khalid
1426297,2024,Ahmedabad,10-05-2024,League,Shubman Gill,"Narendra Modi Stadium, Ahmedabad",Gujarat Titans,Chennai Super Kings,Chennai Super Kings,field,Gujarat Titans,runs,35,232,20,N,,KN Ananthapadmanabhan,NA Patwardhan
1426298,2024,Kolkata,11-05-2024,League,CV Varun,"Eden Gardens, Kolkata",Kolkata Knight Riders,Mumbai Indians,Mumbai Indians,field,Kolkata Knight Riders,runs,18,158,16,N,,UV Gandhe,Vinod Seshan
1426299,2024,Chennai,12-05-2024,League,Simarjeet Singh,"MA Chidambaram Stadium, Chepauk, Chennai",Rajasthan Royals,Chennai Super Kings,Rajasthan Royals,bat,Chennai Super Kings,wickets,5,142,20,N,,R Pandit,YC Barde
1426300,2024,Bengaluru,12-05-2024,League,C Green,"M Chinnaswamy Stadium, Bengaluru",Royal Challengers Bengaluru,Delhi Capitals,Delhi Capitals,field,Royal Challengers Bengaluru,runs,47,188,20,N,,A Nand Kishore,VA Kulkarni
1426302,2024,Delhi,14-05-2024,League,I Sharma,"Arun Jaitley Stadium, Delhi",Delhi Capitals,Lucknow Super Giants,Lucknow Super Giants,field,Delhi Capitals,runs,19,209,20,N,,A Totre,Vinod Seshan
1426303,2024,Guwahati,15-05-2024,League,SM Curran,"Barsapara Cricket Stadium, Guwahati",Rajasthan Royals,Punjab Kings,Rajasthan Royals,bat,Punjab Kings,wickets,5,145,20,N,,R Pandit,MV Saidharshan Kumar
1426305,2024,Mumbai,17-05-2024,League,N Pooran,"Wankhede Stadium, Mumbai",Lucknow Super Giants,Mumbai Indians,Mumbai Indians,field,Lucknow Super Giants,runs,18,215,20,N,,Navdeep Singh,R Pandit
1426306,2024,Bengaluru,18-05-2024,League,F du Plessis,"M Chinnaswamy Stadium, Bengaluru",Royal Challengers Bengaluru,Chennai Super Kings,Chennai Super Kings,field,Royal Challengers Bengaluru,runs,27,219,20,N,,A Totre,KN Ananthapadmanabhan
1426307,2024,Hyderabad,19-05-2024,League,Abhishek Sharma,"Rajiv Gandhi International Stadium, Uppal, Hyderabad",Punjab Kings,Sunrisers Hyderabad,Punjab Kings,bat,Sunrisers Hyderabad,wickets,4,215,20,N,,Nitin Menon,VK Sharma
1426309,2024,Ahmedabad,21-05-2024,Qualifier 1,MA Starc,"Narendra Modi Stadium, Ahmedabad",Sunrisers Hyderabad,Kolkata Knight Riders,Sunrisers Hyderabad,bat,Kolkata Knight Riders,wickets,8,160,20,N,,AK Chaudhary,R Pandit
1426310,2024,Ahmedabad,22-05-2024,Eliminator,R Ashwin,"Narendra Modi Stadium, Ahmedabad",Royal Challengers Bengaluru,Rajasthan Royals,Rajasthan Royals,field,Rajasthan Royals,wickets,4,173,20,N,,KN Ananthapadmanabhan,MV Saidharshan Kumar
1426311,2024,Chennai,24-05-2024,Qualifier 2,Shahbaz Ahmed,"MA Chidambaram Stadium, Chepauk, Chennai",Sunrisers Hyderabad,Rajasthan Royals,Rajasthan Royals,field,Sunrisers Hyderabad,runs,36,176,20,N,,Nitin Menon,VK Sharma
1426312,2024,Chennai,26-05-2024,Final,MA Starc,"MA Chidambaram Stadium, Chepauk, Chennai",Sunrisers Hyderabad,Kolkata Knight Riders,Sunrisers Hyderabad,bat,Kolkata Knight Riders,wickets,8,114,20,N,,J Madanagopal,Nitin Menon
